asset,model,confidence_level,method,period,n_obs,expected_breaches,actual_breaches,breach_rate,kupiec_lr,kupiec_p_value,christoffersen_lr,christoffersen_p_value,es_tail_loss_ratio,avg_breach_size,max_cluster_length,avg_days_between_breaches
AAPL,previous_day_rv,0.95,validation_student_t_residual_df5,test,1099,54.950000000000045,46,0.04185623293903549,1.6205343991379095,0.20301728934846797,1.898712741924271,0.16822247495695042,1.0348907184652583,0.01187799362113066,2,32.62222222222222
AAPL,previous_day_rv,0.99,validation_student_t_residual_df5,test,1099,10.990000000000009,15,0.01364877161055505,1.326730539054921,0.24938769214513268,1.6677462201465119,0.1965606818082224,0.9633549627934859,0.009030769481676233,2,89.14285714285714
GLD,previous_day_rv,0.95,validation_student_t_residual_df5,test,1099,54.950000000000045,51,0.04640582347588717,0.30592448808425843,0.5801919172545631,4.62457877693447,0.03151699907651362,0.9964522216962024,0.006775976592603064,2,31.86
GLD,previous_day_rv,0.99,validation_student_t_residual_df5,test,1099,10.990000000000009,7,0.006369426751592357,1.679555785288244,0.19498348865188797,0.08982646414843032,0.7643978865128542,1.1325622160298239,0.015149260814013557,1,221.16666666666666
IWM,previous_day_rv,0.95,validation_student_t_residual_df5,test,1099,54.950000000000045,50,0.04549590536851683,0.48336415956634937,0.48690242927729155,0.23115444041161481,0.6306691464493255,0.9099140387489779,0.006747948112404872,2,32.46938775510204
IWM,previous_day_rv,0.99,validation_student_t_residual_df5,test,1099,10.990000000000009,5,0.004549590536851683,4.137438816978587,0.041944586478244505,0.04574581370487607,0.8306385235480794,1.0355056810442367,0.011258121400667362,1,151.25
JPM,previous_day_rv,0.95,validation_student_t_residual_df5,test,1099,54.950000000000045,58,0.052775250227479524,0.1751609477332181,0.6755652575979891,0.0014879266267939784,0.969230309330434,1.058749016080283,0.011813008865587787,2,27.614035087719298
JPM,previous_day_rv,0.99,validation_student_t_residual_df5,test,1099,10.990000000000009,16,0.014558689717925387,2.0223997469619235,0.15499402479012347,1.454823874282198,0.22775549553715468,1.0233540577174658,0.012456000388949121,2,102.2
MSFT,previous_day_rv,0.95,validation_student_t_residual_df5,test,1099,54.950000000000045,61,0.055505004549590536,0.6780484669573639,0.41025953852249464,0.7367635422941703,0.3906996074350174,0.9685685484236358,0.009704940193779332,2,26.266666666666666
MSFT,previous_day_rv,0.99,validation_student_t_residual_df5,test,1099,10.990000000000009,10,0.009099181073703366,0.09288703739709092,0.7605384770378237,0.18382611764481283,0.6681055469475126,1.0729138038173978,0.015059914556438098,1,137.11111111111111
NVDA,previous_day_rv,0.95,validation_student_t_residual_df5,test,1099,54.950000000000045,50,0.04549590536851683,0.48336415956634937,0.48690242927729155,0.038404178669395606,0.8446337714925602,0.9034582484564289,0.013883125733658595,2,31.408163265306122
NVDA,previous_day_rv,0.99,validation_student_t_residual_df5,test,1099,10.990000000000009,3,0.00272975432211101,8.248292037102864,0.004079036322261476,0.016438376723129977,0.8979810193360448,1.1441951293553378,0.04096602812589963,1,442.5
QQQ,previous_day_rv,0.95,validation_student_t_residual_df5,test,1099,54.950000000000045,59,0.05368516833484986,0.30715484886144395,0.5794313541935328,0.010384960441797375,0.9188307904848937,0.9286533634772356,0.006991141274477787,2,26.56896551724138
QQQ,previous_day_rv,0.99,validation_student_t_residual_df5,test,1099,10.990000000000009,10,0.009099181073703366,0.09288703739709092,0.7605384770378237,3.1471600420214116,0.07605923233228284,0.9160494125291637,0.006635698378132035,2,124.77777777777777
SPY,previous_day_rv,0.95,validation_student_t_residual_df5,test,1099,54.950000000000045,58,0.052775250227479524,0.1751609477332181,0.6755652575979891,0.2937205576989186,0.5878461151156111,0.9590263669180262,0.005825104725828645,2,27.05263157894737
SPY,previous_day_rv,0.99,validation_student_t_residual_df5,test,1099,10.990000000000009,10,0.009099181073703366,0.09288703739709092,0.7605384770378237,3.1471600420214116,0.07605923233228284,1.0024533761286507,0.007899736050163697,2,138.11111111111111
TLT,previous_day_rv,0.95,validation_student_t_residual_df5,test,1099,54.950000000000045,62,0.056414922656960874,0.9158403149458536,0.338569545338982,0.09612566016033952,0.7565294855319716,0.9202830776241242,0.004626118994553643,2,26.114754098360656
TLT,previous_day_rv,0.99,validation_student_t_residual_df5,test,1099,10.990000000000009,9,0.00818926296633303,0.3879361078638084,0.533386270878409,0.13217206597870756,0.7161905119251628,0.8635268279831035,0.003042468209170892,1,199.125
USO,previous_day_rv,0.95,validation_student_t_residual_df5,test,1099,54.950000000000045,40,0.036396724294813464,4.709519930885392,0.02999602694140502,1.3745111479287857,0.24103831570844525,0.957441273657793,0.01360187134988563,2,38.794871794871796
USO,previous_day_rv,0.99,validation_student_t_residual_df5,test,1099,10.990000000000009,7,0.006369426751592357,1.679555785288244,0.19498348865188797,0.08982646414843032,0.7643978865128542,0.9499929947580676,0.014483181888639219,1,200.33333333333334
AAPL,rolling_21,0.95,validation_student_t_residual_df5,test,1099,54.950000000000045,46,0.04185623293903549,1.6205343991379095,0.20301728934846797,1.898712741924271,0.16822247495695042,1.0348907184652583,0.01187799362113066,2,32.62222222222222
AAPL,rolling_21,0.99,validation_student_t_residual_df5,test,1099,10.990000000000009,15,0.01364877161055505,1.326730539054921,0.24938769214513268,1.6677462201465119,0.1965606818082224,0.9633549627934859,0.009030769481676233,2,89.14285714285714
GLD,rolling_21,0.95,validation_student_t_residual_df5,test,1099,54.950000000000045,51,0.04640582347588717,0.30592448808425843,0.5801919172545631,4.62457877693447,0.03151699907651362,0.9964522216962024,0.006775976592603064,2,31.86
GLD,rolling_21,0.99,validation_student_t_residual_df5,test,1099,10.990000000000009,7,0.006369426751592357,1.679555785288244,0.19498348865188797,0.08982646414843032,0.7643978865128542,1.1325622160298239,0.015149260814013557,1,221.16666666666666
IWM,rolling_21,0.95,validation_student_t_residual_df5,test,1099,54.950000000000045,50,0.04549590536851683,0.48336415956634937,0.48690242927729155,0.23115444041161481,0.6306691464493255,0.9099140387489779,0.006747948112404872,2,32.46938775510204
IWM,rolling_21,0.99,validation_student_t_residual_df5,test,1099,10.990000000000009,5,0.004549590536851683,4.137438816978587,0.041944586478244505,0.04574581370487607,0.8306385235480794,1.0355056810442367,0.011258121400667362,1,151.25
JPM,rolling_21,0.95,validation_student_t_residual_df5,test,1099,54.950000000000045,58,0.052775250227479524,0.1751609477332181,0.6755652575979891,0.0014879266267939784,0.969230309330434,1.058749016080283,0.011813008865587787,2,27.614035087719298
JPM,rolling_21,0.99,validation_student_t_residual_df5,test,1099,10.990000000000009,16,0.014558689717925387,2.0223997469619235,0.15499402479012347,1.454823874282198,0.22775549553715468,1.0233540577174658,0.012456000388949121,2,102.2
MSFT,rolling_21,0.95,validation_student_t_residual_df5,test,1099,54.950000000000045,61,0.055505004549590536,0.6780484669573639,0.41025953852249464,0.7367635422941703,0.3906996074350174,0.9685685484236358,0.009704940193779332,2,26.266666666666666
MSFT,rolling_21,0.99,validation_student_t_residual_df5,test,1099,10.990000000000009,10,0.009099181073703366,0.09288703739709092,0.7605384770378237,0.18382611764481283,0.6681055469475126,1.0729138038173978,0.015059914556438098,1,137.11111111111111
NVDA,rolling_21,0.95,validation_student_t_residual_df5,test,1099,54.950000000000045,50,0.04549590536851683,0.48336415956634937,0.48690242927729155,0.038404178669395606,0.8446337714925602,0.9034582484564289,0.013883125733658595,2,31.408163265306122
NVDA,rolling_21,0.99,validation_student_t_residual_df5,test,1099,10.990000000000009,3,0.00272975432211101,8.248292037102864,0.004079036322261476,0.016438376723129977,0.8979810193360448,1.1441951293553378,0.04096602812589963,1,442.5
QQQ,rolling_21,0.95,validation_student_t_residual_df5,test,1099,54.950000000000045,59,0.05368516833484986,0.30715484886144395,0.5794313541935328,0.010384960441797375,0.9188307904848937,0.9286533634772356,0.006991141274477787,2,26.56896551724138
QQQ,rolling_21,0.99,validation_student_t_residual_df5,test,1099,10.990000000000009,10,0.009099181073703366,0.09288703739709092,0.7605384770378237,3.1471600420214116,0.07605923233228284,0.9160494125291637,0.006635698378132035,2,124.77777777777777
SPY,rolling_21,0.95,validation_student_t_residual_df5,test,1099,54.950000000000045,58,0.052775250227479524,0.1751609477332181,0.6755652575979891,0.2937205576989186,0.5878461151156111,0.9590263669180262,0.005825104725828645,2,27.05263157894737
SPY,rolling_21,0.99,validation_student_t_residual_df5,test,1099,10.990000000000009,10,0.009099181073703366,0.09288703739709092,0.7605384770378237,3.1471600420214116,0.07605923233228284,1.0024533761286507,0.007899736050163697,2,138.11111111111111
TLT,rolling_21,0.95,validation_student_t_residual_df5,test,1099,54.950000000000045,62,0.056414922656960874,0.9158403149458536,0.338569545338982,0.09612566016033952,0.7565294855319716,0.9202830776241242,0.004626118994553643,2,26.114754098360656
TLT,rolling_21,0.99,validation_student_t_residual_df5,test,1099,10.990000000000009,9,0.00818926296633303,0.3879361078638084,0.533386270878409,0.13217206597870756,0.7161905119251628,0.8635268279831035,0.003042468209170892,1,199.125
USO,rolling_21,0.95,validation_student_t_residual_df5,test,1099,54.950000000000045,40,0.036396724294813464,4.709519930885392,0.02999602694140502,1.3745111479287857,0.24103831570844525,0.957441273657793,0.01360187134988563,2,38.794871794871796
USO,rolling_21,0.99,validation_student_t_residual_df5,test,1099,10.990000000000009,7,0.006369426751592357,1.679555785288244,0.19498348865188797,0.08982646414843032,0.7643978865128542,0.9499929947580676,0.014483181888639219,1,200.33333333333334
AAPL,rolling_63,0.95,validation_student_t_residual_df5,test,1099,54.950000000000045,41,0.0373066424021838,4.0717349230833975,0.04360646493360476,3.0666416337684836,0.07991440585980847,1.0119449674274896,0.012316629008379472,2,35.075
AAPL,rolling_63,0.99,validation_student_t_residual_df5,test,1099,10.990000000000009,11,0.010009099181073703,9.188333663701087e-06,0.9975814349357897,2.7815871730451107,0.09535363009753384,0.9595710321041606,0.0107728493090756,2,124.8
GLD,rolling_63,0.95,validation_student_t_residual_df5,test,1099,54.950000000000045,46,0.04185623293903549,1.6205343991379095,0.20301728934846797,9.411963538405473,0.002155742527948923,1.016633920286248,0.007667053398487025,2,33.77777777777778
GLD,rolling_63,0.99,validation_student_t_residual_df5,test,1099,10.990000000000009,9,0.00818926296633303,0.3879361078638084,0.533386270878409,0.1487620240286276,0.6997212306440683,1.09594356762909,0.013343999584002885,1,177.875
IWM,rolling_63,0.95,validation_student_t_residual_df5,test,1099,54.950000000000045,40,0.036396724294813464,4.709519930885392,0.02999602694140502,3.342123119866926,0.06752742439759629,0.8945407941178612,0.007095103669824634,3,40.794871794871796
IWM,rolling_63,0.99,validation_student_t_residual_df5,test,1099,10.990000000000009,3,0.00272975432211101,8.248292037102864,0.004079036322261476,8.370716141311568,0.0038131532880267827,0.9694350832053971,0.011247113881543543,2,53.5
JPM,rolling_63,0.95,validation_student_t_residual_df5,test,1099,54.950000000000045,42,0.03821656050955414,3.4846256001426354,0.06194137136995037,1.0594012235102355,0.30335179170286186,1.0902120603102776,0.013834970143601607,2,38.390243902439025
JPM,rolling_63,0.99,validation_student_t_residual_df5,test,1099,10.990000000000009,15,0.01364877161055505,1.326730539054921,0.24938769214513268,1.6677462201465119,0.1965606818082224,1.0104541585806175,0.012670284882261044,2,101.78571428571429
MSFT,rolling_63,0.95,validation_student_t_residual_df5,test,1099,54.950000000000045,47,0.042766151046405826,1.2704313853337794,0.25968576791067177,7.61845580541376e-05,0.9930358514976522,0.9621073254583586,0.010220060520631237,2,34.108695652173914
MSFT,rolling_63,0.99,validation_student_t_residual_df5,test,1099,10.990000000000009,4,0.003639672429481347,5.939280645688825,0.014807060906407044,0.029250522203483342,0.8642018746040457,1.2747244248802694,0.03047584039120356,1,397.0
NVDA,rolling_63,0.95,validation_student_t_residual_df5,test,1099,54.950000000000045,36,0.03275705186533212,7.792747708481215,0.005245635964400197,0.030967474262070027,0.8603129722297009,0.887136986971515,0.01425224969643261,2,44.4
NVDA,rolling_63,0.99,validation_student_t_residual_df5,test,1099,10.990000000000009,2,0.0018198362147406734,11.238724393469703,0.0008010819367978428,0.007299274120189381,0.931914941293742,1.188883249754023,0.049133341188865226,1,283.0
QQQ,rolling_63,0.95,validation_student_t_residual_df5,test,1099,54.950000000000045,54,0.04913557779799818,0.017383657318418955,0.8951052326802729,0.6608817983127437,0.4162488078466643,0.8918043025181445,0.0066266827037682295,3,29.09433962264151
QQQ,rolling_63,0.99,validation_student_t_residual_df5,test,1099,10.990000000000009,6,0.00545950864422202,2.740135413101356,0.09785647419034993,5.233898913700898,0.022150825286584963,0.9601058382428757,0.00892740678635495,2,90.0
SPY,rolling_63,0.95,validation_student_t_residual_df5,test,1099,54.950000000000045,59,0.05368516833484986,0.30715484886144395,0.5794313541935328,0.22582333336771399,0.6346382080466613,0.912741149973691,0.005336436190864602,3,26.586206896551722
SPY,rolling_63,0.99,validation_student_t_residual_df5,test,1099,10.990000000000009,7,0.006369426751592357,1.679555785288244,0.19498348865188797,4.58431814176771,0.03226580652645428,1.0338976315702,0.009989491381424784,2,187.16666666666666
TLT,rolling_63,0.95,validation_student_t_residual_df5,test,1099,54.950000000000045,53,0.048225659690627844,0.0736724680681391,0.7860628482370656,0.09984894481107176,0.7520109815120546,0.8879468262680257,0.0044415100018676944,2,30.634615384615383
TLT,rolling_63,0.99,validation_student_t_residual_df5,test,1099,10.990000000000009,5,0.004549590536851683,4.137438816978587,0.041944586478244505,0.04574581370487607,0.8306385235480794,0.9048433939344289,0.004556542188542961,1,369.75
USO,rolling_63,0.95,validation_student_t_residual_df5,test,1099,54.950000000000045,34,0.030937215650591446,9.673305987602475,0.001869645778696083,0.7281925258828892,0.3934696892976284,0.9435221644687881,0.014421864448848446,2,45.45454545454545
USO,rolling_63,0.99,validation_student_t_residual_df5,test,1099,10.990000000000009,6,0.00545950864422202,2.740135413101356,0.09785647419034993,5.233898913700898,0.022150825286584963,0.9534921341237422,0.014716140323990733,2,224.4
AAPL,ewma_094,0.95,validation_student_t_residual_df5,test,1099,54.950000000000045,46,0.04185623293903549,1.6205343991379095,0.20301728934846797,6.276468494168796,0.01223516850837536,1.0620595207821562,0.012475828054733797,2,31.444444444444443
AAPL,ewma_094,0.99,validation_student_t_residual_df5,test,1099,10.990000000000009,12,0.01091901728844404,0.09103902648794815,0.7628603810892526,2.4562929402463,0.1170547484933736,1.0688736784135806,0.014615861512047862,2,113.45454545454545
AAPL,ewma_tuned,0.95,validation_student_t_residual_df5,test,1099,54.950000000000045,48,0.04367606915377616,0.9647859151633043,0.32598400826358576,5.502012676735546,0.01899459934541947,1.0697246164454706,0.012280138539845867,2,30.106382978723403
AAPL,ewma_tuned,0.99,validation_student_t_residual_df5,test,1099,10.990000000000009,15,0.01364877161055505,1.326730539054921,0.24938769214513268,5.980384056121949,0.014465851807550667,1.0555662926273535,0.01263813469615573,2,89.14285714285714
AAPL,ewma_rolling_update,0.95,validation_student_t_residual_df5,test,1099,54.950000000000045,46,0.04185623293903549,1.6205343991379095,0.20301728934846797,3.8364610372834136,0.050149266154940086,1.0297605404906234,0.011783839860385307,2,31.11111111111111
AAPL,ewma_rolling_update,0.99,validation_student_t_residual_df5,test,1099,10.990000000000009,16,0.014558689717925387,2.0223997469619235,0.15499402479012347,1.454823874282198,0.22775549553715468,0.9544561822601686,0.00864472334651923,2,83.2
AAPL,har_rolling_update,0.95,validation_student_t_residual_df5,test,1099,54.950000000000045,45,0.04094631483166515,2.0160184345413654,0.1556468008916717,2.1058907172320573,0.14673287863132234,1.0352051698536158,0.011966751918536042,2,31.818181818181817
AAPL,har_rolling_update,0.99,validation_student_t_residual_df5,test,1099,10.990000000000009,15,0.01364877161055505,1.326730539054921,0.24938769214513268,1.6677462201465119,0.1965606818082224,0.9615008386525281,0.00912697792605991,2,89.14285714285714
GLD,ewma_094,0.95,validation_student_t_residual_df5,test,1099,54.950000000000045,48,0.04367606915377616,0.9647859151633043,0.32598400826358576,11.522272508517688,0.0006876727242598468,1.0287651459192262,0.0075355967343740575,2,32.680851063829785
GLD,ewma_094,0.99,validation_student_t_residual_df5,test,1099,10.990000000000009,10,0.009099181073703366,0.09288703739709092,0.7605384770378237,0.18382611764481283,0.6681055469475126,1.05836486181713,0.011514117209606255,1,158.11111111111111
GLD,ewma_tuned,0.95,validation_student_t_residual_df5,test,1099,54.950000000000045,49,0.044585987261146494,0.7027130761239277,0.40187356029709553,10.948218308172272,0.0009369366503884091,1.017356186063245,0.0073202175590656535,2,32.0
GLD,ewma_tuned,0.99,validation_student_t_residual_df5,test,1099,10.990000000000009,10,0.009099181073703366,0.09288703739709092,0.7605384770378237,0.18382611764481283,0.6681055469475126,1.0344926036416942,0.010850545770853834,1,158.11111111111111
GLD,ewma_rolling_update,0.95,validation_student_t_residual_df5,test,1099,54.950000000000045,51,0.04640582347588717,0.30592448808425843,0.5801919172545631,4.62457877693447,0.03151699907651362,0.9959154341633027,0.006729451748241143,2,30.86
GLD,ewma_rolling_update,0.99,validation_student_t_residual_df5,test,1099,10.990000000000009,7,0.006369426751592357,1.679555785288244,0.19498348865188797,0.08982646414843032,0.7643978865128542,1.1358161625873335,0.015320846161574106,1,221.16666666666666
GLD,har_rolling_update,0.95,validation_student_t_residual_df5,test,1099,54.950000000000045,53,0.048225659690627844,0.0736724680681391,0.7860628482370656,3.988992754915671,0.04579843444519072,0.9764861558776051,0.006497732232634822,2,29.673076923076923
GLD,har_rolling_update,0.99,validation_student_t_residual_df5,test,1099,10.990000000000009,7,0.006369426751592357,1.679555785288244,0.19498348865188797,0.08982646414843032,0.7643978865128542,1.1358504838199293,0.01532176670863168,1,221.16666666666666
IWM,ewma_094,0.95,validation_student_t_residual_df5,test,1099,54.950000000000045,48,0.04367606915377616,0.9647859151633043,0.32598400826358576,1.5212107195225144,0.21743636720077797,0.9250363139174466,0.007418785930261833,3,33.851063829787236
IWM,ewma_094,0.99,validation_student_t_residual_df5,test,1099,10.990000000000009,6,0.00545950864422202,2.740135413101356,0.09785647419034993,5.233898913700898,0.022150825286584963,0.9764836295106332,0.009530454970589363,2,121.0
IWM,ewma_tuned,0.95,validation_student_t_residual_df5,test,1099,54.950000000000045,51,0.04640582347588717,0.30592448808425843,0.5801919172545631,1.0421438377227332,0.3073233956610866,0.9156144104519175,0.007026866178771599,3,31.82
IWM,ewma_tuned,0.99,validation_student_t_residual_df5,test,1099,10.990000000000009,6,0.00545950864422202,2.740135413101356,0.09785647419034993,5.233898913700898,0.022150825286584963,1.00238224684366,0.010373537950159583,2,121.0
IWM,ewma_rolling_update,0.95,validation_student_t_residual_df5,test,1099,54.950000000000045,49,0.044585987261146494,0.7027130761239277,0.40187356029709553,0.29979414166831475,0.584011504227749,0.9156618551471577,0.007001819914665679,2,33.145833333333336
IWM,ewma_rolling_update,0.99,validation_student_t_residual_df5,test,1099,10.990000000000009,5,0.004549590536851683,4.137438816978587,0.041944586478244505,0.04574581370487607,0.8306385235480794,1.0308386419560989,0.01112042610066002,1,151.25
IWM,har_rolling_update,0.95,validation_student_t_residual_df5,test,1099,54.950000000000045,50,0.04549590536851683,0.48336415956634937,0.48690242927729155,0.23115444041161481,0.6306691464493255,0.9150255214714175,0.006950560537144934,2,32.46938775510204
IWM,har_rolling_update,0.99,validation_student_t_residual_df5,test,1099,10.990000000000009,5,0.004549590536851683,4.137438816978587,0.041944586478244505,0.04574581370487607,0.8306385235480794,1.0355281394651077,0.011258781008311196,1,151.25
JPM,ewma_094,0.95,validation_student_t_residual_df5,test,1099,54.950000000000045,52,0.047315741583257506,0.16961141335877983,0.6804573880216553,0.904531990139958,0.34156941759073745,1.0946625978807856,0.013100109997945161,2,30.862745098039216
JPM,ewma_094,0.99,validation_student_t_residual_df5,test,1099,10.990000000000009,16,0.014558689717925387,2.0223997469619235,0.15499402479012347,5.477760405921316,0.019259919944914716,1.0535613438220561,0.013842574780569003,2,97.33333333333333
JPM,ewma_tuned,0.95,validation_student_t_residual_df5,test,1099,54.950000000000045,58,0.052775250227479524,0.1751609477332181,0.6755652575979891,0.2937205576989186,0.5878461151156111,1.0913050573034417,0.012380789731359311,2,27.614035087719298
JPM,ewma_tuned,0.99,validation_student_t_residual_df5,test,1099,10.990000000000009,17,0.015468607825295723,2.8449971848315556,0.09165875414879188,5.014725260566365,0.025132617195171125,1.0682028762380713,0.01391948977970684,2,91.25
JPM,ewma_rolling_update,0.95,validation_student_t_residual_df5,test,1099,54.950000000000045,58,0.052775250227479524,0.1751609477332181,0.6755652575979891,0.0014879266267939784,0.969230309330434,1.0689050431944764,0.01192296210271374,2,27.614035087719298
JPM,ewma_rolling_update,0.99,validation_student_t_residual_df5,test,1099,10.990000000000009,18,0.01637852593266606,3.7871580519118027,0.05164726955029986,1.0885283359429536,0.2967975121817008,1.0064411028410927,0.011314542125228026,2,90.17647058823529
JPM,har_rolling_update,0.95,validation_student_t_residual_df5,test,1099,54.950000000000045,58,0.052775250227479524,0.1751609477332181,0.6755652575979891,0.0014879266267939784,0.969230309330434,1.0665337071275993,0.011873235030221975,2,27.614035087719298
JPM,har_rolling_update,0.99,validation_student_t_residual_df5,test,1099,10.990000000000009,17,0.015468607825295723,2.8449971848315556,0.09165875414879188,1.2624038658652807,0.2611965616070919,1.0174137130015242,0.011915111681977664,2,95.8125
MSFT,ewma_094,0.95,validation_student_t_residual_df5,test,1099,54.950000000000045,59,0.05368516833484986,0.30715484886144395,0.5794313541935328,0.548009691118466,0.45913207550692425,0.9797055385396708,0.010285540563181554,2,27.17241379310345
MSFT,ewma_094,0.99,validation_student_t_residual_df5,test,1099,10.990000000000009,10,0.009099181073703366,0.09288703739709092,0.7605384770378237,0.18382611764481283,0.6681055469475126,1.0421710237481705,0.014518588170622496,1,137.11111111111111
MSFT,ewma_tuned,0.95,validation_student_t_residual_df5,test,1099,54.950000000000045,60,0.0545950864422202,0.4749717554956874,0.4907087762921991,0.027203007130822243,0.8689964490644402,0.9931644749216295,0.010313351315467626,2,26.71186440677966
MSFT,ewma_tuned,0.99,validation_student_t_residual_df5,test,1099,10.990000000000009,11,0.010009099181073703,9.188333663701087e-06,0.9975814349357897,0.22263489469104059,0.637039553276101,1.0214941919056395,0.013045346408165404,1,123.4
MSFT,ewma_rolling_update,0.95,validation_student_t_residual_df5,test,1099,54.950000000000045,59,0.05368516833484986,0.30715484886144395,0.5794313541935328,0.548009691118466,0.45913207550692425,0.9799449525615161,0.010074492590697466,2,27.17241379310345
MSFT,ewma_rolling_update,0.99,validation_student_t_residual_df5,test,1099,10.990000000000009,10,0.009099181073703366,0.09288703739709092,0.7605384770378237,0.18382611764481283,0.6681055469475126,1.061433012206617,0.014868738384646408,1,137.11111111111111
MSFT,har_rolling_update,0.95,validation_student_t_residual_df5,test,1099,54.950000000000045,61,0.055505004549590536,0.6780484669573639,0.41025953852249464,0.7367635422941703,0.3906996074350174,0.9742791983441187,0.009809867832960603,2,26.266666666666666
MSFT,har_rolling_update,0.99,validation_student_t_residual_df5,test,1099,10.990000000000009,10,0.009099181073703366,0.09288703739709092,0.7605384770378237,0.18382611764481283,0.6681055469475126,1.0668345200238616,0.015054862189635736,1,137.11111111111111
NVDA,ewma_094,0.95,validation_student_t_residual_df5,test,1099,54.950000000000045,49,0.044585987261146494,0.7027130761239277,0.40187356029709553,0.29979414166831475,0.584011504227749,0.8846466188455966,0.013546179364637676,2,32.375
NVDA,ewma_094,0.99,validation_student_t_residual_df5,test,1099,10.990000000000009,2,0.0018198362147406734,11.238724393469703,0.0008010819367978428,0.007299274120189381,0.931914941293742,1.2976064904522864,0.05631648700566676,1,283.0
NVDA,ewma_tuned,0.95,validation_student_t_residual_df5,test,1099,54.950000000000045,49,0.044585987261146494,0.7027130761239277,0.40187356029709553,0.29979414166831475,0.584011504227749,0.8956128920944219,0.013890883723363119,2,32.375
NVDA,ewma_tuned,0.99,validation_student_t_residual_df5,test,1099,10.990000000000009,2,0.0018198362147406734,11.238724393469703,0.0008010819367978428,0.007299274120189381,0.931914941293742,1.2981348423660737,0.05634845644208305,1,283.0
NVDA,ewma_rolling_update,0.95,validation_student_t_residual_df5,test,1099,54.950000000000045,48,0.04367606915377616,0.9647859151633043,0.32598400826358576,0.005115315259786257,0.9429827678292971,0.9087392892036749,0.014268812596119103,2,32.744680851063826
NVDA,ewma_rolling_update,0.99,validation_student_t_residual_df5,test,1099,10.990000000000009,3,0.00272975432211101,8.248292037102864,0.004079036322261476,0.016438376723129977,0.8979810193360448,1.1590446959258518,0.041117414787000435,1,157.0
NVDA,har_rolling_update,0.95,validation_student_t_residual_df5,test,1099,54.950000000000045,48,0.04367606915377616,0.9647859151633043,0.32598400826358576,0.005115315259786257,0.9429827678292971,0.9105152180430846,0.014360548481196965,2,32.744680851063826
NVDA,har_rolling_update,0.99,validation_student_t_residual_df5,test,1099,10.990000000000009,3,0.00272975432211101,8.248292037102864,0.004079036322261476,0.016438376723129977,0.8979810193360448,1.1613948225203616,0.04127333244489229,1,157.0
QQQ,ewma_094,0.95,validation_student_t_residual_df5,test,1099,54.950000000000045,69,0.06278434940855324,3.5101573648505564,0.060993661894139906,0.11097415143706257,0.7390377923388965,0.8997717359185493,0.006240788421677536,2,22.676470588235293
QQQ,ewma_094,0.99,validation_student_t_residual_df5,test,1099,10.990000000000009,7,0.006369426751592357,1.679555785288244,0.19498348865188797,4.58431814176771,0.03226580652645428,0.9859311726699214,0.010222246366795085,2,187.16666666666666
QQQ,ewma_tuned,0.95,validation_student_t_residual_df5,test,1099,54.950000000000045,62,0.056414922656960874,0.9158403149458536,0.338569545338982,0.64576267503287,0.4216317201114691,0.9230324771416285,0.006787879953788853,2,25.278688524590162
QQQ,ewma_tuned,0.99,validation_student_t_residual_df5,test,1099,10.990000000000009,11,0.010009099181073703,9.188333663701087e-06,0.9975814349357897,2.7815871730451107,0.09535363009753384,0.9351020268741502,0.006880557933781959,2,122.5
QQQ,ewma_rolling_update,0.95,validation_student_t_residual_df5,test,1099,54.950000000000045,60,0.0545950864422202,0.4749717554956874,0.4907087762921991,0.027203007130822243,0.8689964490644402,0.9232621784528494,0.0068967662495502124,2,26.11864406779661
QQQ,ewma_rolling_update,0.99,validation_student_t_residual_df5,test,1099,10.990000000000009,11,0.010009099181073703,9.188333663701087e-06,0.9975814349357897,2.7815871730451107,0.09535363009753384,0.9152068320563418,0.006342802823034513,2,122.5
QQQ,har_rolling_update,0.95,validation_student_t_residual_df5,test,1099,54.950000000000045,60,0.0545950864422202,0.4749717554956874,0.4907087762921991,0.027203007130822243,0.8689964490644402,0.925943813076913,0.006958373861699929,2,26.11864406779661
QQQ,har_rolling_update,0.99,validation_student_t_residual_df5,test,1099,10.990000000000009,11,0.010009099181073703,9.188333663701087e-06,0.9975814349357897,2.7815871730451107,0.09535363009753384,0.9145815076874951,0.0063222484547420165,2,122.5
SPY,ewma_094,0.95,validation_student_t_residual_df5,test,1099,54.950000000000045,64,0.05823475887170155,1.4934780859202874,0.2216775983781144,1.3421097175589125,0.24666225771064743,0.9435157613668855,0.00556743432905367,3,24.476190476190474
SPY,ewma_094,0.99,validation_student_t_residual_df5,test,1099,10.990000000000009,9,0.00818926296633303,0.3879361078638084,0.533386270878409,3.5611648542124357,0.05914621954173882,1.0700661469763457,0.009787328509516361,2,153.125
SPY,ewma_tuned,0.95,validation_student_t_residual_df5,test,1099,54.950000000000045,57,0.051865332120109194,0.0795727437317737,0.7778772521231532,1.324203824563483,0.2498389869432971,0.945422137910492,0.005836163089618519,2,27.535714285714285
SPY,ewma_tuned,0.99,validation_student_t_residual_df5,test,1099,10.990000000000009,10,0.009099181073703366,0.09288703739709092,0.7605384770378237,3.1471600420214116,0.07605923233228284,1.0614779534270202,0.009245413774501327,2,138.11111111111111
SPY,ewma_rolling_update,0.95,validation_student_t_residual_df5,test,1099,54.950000000000045,58,0.052775250227479524,0.1751609477332181,0.6755652575979891,0.2937205576989186,0.5878461151156111,0.9576106373030213,0.005831440665315455,2,27.05263157894737
SPY,ewma_rolling_update,0.99,validation_student_t_residual_df5,test,1099,10.990000000000009,10,0.009099181073703366,0.09288703739709092,0.7605384770378237,3.1471600420214116,0.07605923233228284,1.0180230508832169,0.008269854798554795,2,138.11111111111111
SPY,har_rolling_update,0.95,validation_student_t_residual_df5,test,1099,54.950000000000045,58,0.052775250227479524,0.1751609477332181,0.6755652575979891,0.2937205576989186,0.5878461151156111,0.9587215939055844,0.005849534020456883,2,27.05263157894737
SPY,har_rolling_update,0.99,validation_student_t_residual_df5,test,1099,10.990000000000009,10,0.009099181073703366,0.09288703739709092,0.7605384770378237,3.1471600420214116,0.07605923233228284,1.0165824327587745,0.008236084725424147,2,138.11111111111111
TLT,ewma_094,0.95,validation_student_t_residual_df5,test,1099,54.950000000000045,61,0.055505004549590536,0.6780484669573639,0.41025953852249464,0.8222974763225466,0.3645092930065944,0.9103545810854407,0.004577554165815851,2,26.55
TLT,ewma_094,0.99,validation_student_t_residual_df5,test,1099,10.990000000000009,8,0.007279344858962694,0.9075017836278789,0.34077813907032306,0.10270599438531747,0.7486061873207794,0.8463725132347945,0.002737733198041202,1,219.57142857142858
TLT,ewma_tuned,0.95,validation_student_t_residual_df5,test,1099,54.950000000000045,63,0.05732484076433121,1.1878202668365816,0.275769675605269,0.5922333828544311,0.4415567806343267,0.9090287912301211,0.004472298807710204,2,25.693548387096776
TLT,ewma_tuned,0.99,validation_student_t_residual_df5,test,1099,10.990000000000009,8,0.007279344858962694,0.9075017836278789,0.34077813907032306,0.10270599438531747,0.7486061873207794,0.8485761422256051,0.002797024216338137,1,219.57142857142858
TLT,ewma_rolling_update,0.95,validation_student_t_residual_df5,test,1099,54.950000000000045,64,0.05823475887170155,1.4934780859202874,0.2216775983781144,0.03215037218586758,0.8576980258319828,0.9139833279539361,0.004453910399290923,2,25.285714285714285
TLT,ewma_rolling_update,0.99,validation_student_t_residual_df5,test,1099,10.990000000000009,9,0.00818926296633303,0.3879361078638084,0.533386270878409,0.13217206597870756,0.7161905119251628,0.8437091483138606,0.0025413435436940756,1,199.125
TLT,har_rolling_update,0.95,validation_student_t_residual_df5,test,1099,54.950000000000045,64,0.05823475887170155,1.4934780859202874,0.2216775983781144,0.03215037218586758,0.8576980258319828,0.9164959286378765,0.004493184999624457,2,25.285714285714285
TLT,har_rolling_update,0.99,validation_student_t_residual_df5,test,1099,10.990000000000009,9,0.00818926296633303,0.3879361078638084,0.533386270878409,0.13217206597870756,0.7161905119251628,0.8444442931108019,0.002560353043638243,1,199.125
USO,ewma_094,0.95,validation_student_t_residual_df5,test,1099,54.950000000000045,40,0.036396724294813464,4.709519930885392,0.02999602694140502,1.3745111479287857,0.24103831570844525,0.9309593154126707,0.012975708128209345,2,38.794871794871796
USO,ewma_094,0.99,validation_student_t_residual_df5,test,1099,10.990000000000009,5,0.004549590536851683,4.137438816978587,0.041944586478244505,6.022809033966865,0.014122151678973793,1.002698184764692,0.019003079536072193,2,280.5
USO,ewma_tuned,0.95,validation_student_t_residual_df5,test,1099,54.950000000000045,43,0.039126478616924476,2.9470319728651475,0.08603543334856179,2.558996486840158,0.10966817675006002,0.9136107600483797,0.011660585286139762,2,36.023809523809526
USO,ewma_tuned,0.99,validation_student_t_residual_df5,test,1099,10.990000000000009,5,0.004549590536851683,4.137438816978587,0.041944586478244505,6.022809033966865,0.014122151678973793,0.9404672900197384,0.015154839409518917,2,280.5
USO,ewma_rolling_update,0.95,validation_student_t_residual_df5,test,1099,54.950000000000045,44,0.040036396724294813,2.457848106582105,0.11693888888882553,0.7899448831897189,0.3741167921301414,0.94373626105043,0.012770067051136647,2,35.18604651162791
USO,ewma_rolling_update,0.99,validation_student_t_residual_df5,test,1099,10.990000000000009,8,0.007279344858962694,0.9075017836278789,0.34077813907032306,0.11743224695520382,0.7318362852648446,0.9351770367121724,0.012605231384927383,1,171.71428571428572
USO,har_rolling_update,0.95,validation_student_t_residual_df5,test,1099,54.950000000000045,44,0.040036396724294813,2.457848106582105,0.11693888888882553,0.7899448831897189,0.3741167921301414,0.9449218891297065,0.012815384344197643,2,35.18604651162791
USO,har_rolling_update,0.99,validation_student_t_residual_df5,test,1099,10.990000000000009,9,0.00818926296633303,0.3879361078638084,0.533386270878409,0.1487620240286276,0.6997212306440683,0.9165794970799871,0.011085954701928762,1,163.875
AAPL,garch_11,0.95,validation_student_t_residual_df5,test,1099,54.950000000000045,50,0.04549590536851683,0.48336415956634937,0.48690242927729155,2.744371332481478,0.09759745533437858,0.9931824335651556,0.01095707951371488,2,29.163265306122447
AAPL,garch_11,0.99,validation_student_t_residual_df5,test,1099,10.990000000000009,14,0.012738853503184714,0.7663386246272239,0.38135211678353564,1.9035519429637304,0.16768128189794618,0.9649525497200907,0.010851841884235047,2,96.0
AAPL,gjr_garch,0.95,validation_student_t_residual_df5,test,1099,54.950000000000045,39,0.03548680618744313,5.399198722730205,0.02014599861770039,6.337013496568204,0.011824380691442204,0.9788776346826007,0.010533445844493458,2,41.23684210526316
AAPL,gjr_garch,0.99,validation_student_t_residual_df5,test,1099,10.990000000000009,8,0.007279344858962694,0.9075017836278789,0.34077813907032306,4.034843935403174,0.044569797501799346,0.9456291678466756,0.011064135568258048,2,178.28571428571428
AAPL,egarch_t,0.95,validation_student_t_residual_df5,test,1099,54.950000000000045,43,0.039126478616924476,2.9470319728651475,0.08603543334856179,2.558996486840158,0.10966817675006002,1.0181183167937649,0.012140785145071057,2,33.404761904761905
AAPL,egarch_t,0.99,validation_student_t_residual_df5,test,1099,10.990000000000009,11,0.010009099181073703,9.188333663701087e-06,0.9975814349357897,2.7815871730451107,0.09535363009753384,0.990650534882518,0.012166058544211185,2,124.8
AAPL,garch_rolling_update,0.95,validation_student_t_residual_df5,test,1099,54.950000000000045,46,0.04185623293903549,1.6205343991379095,0.20301728934846797,3.8364610372834136,0.050149266154940086,1.0278095794257256,0.011736943070191106,2,31.11111111111111
AAPL,garch_rolling_update,0.99,validation_student_t_residual_df5,test,1099,10.990000000000009,15,0.01364877161055505,1.326730539054921,0.24938769214513268,1.6677462201465119,0.1965606818082224,0.9582906655153455,0.00901467300679423,2,89.14285714285714
AAPL,gjr_rolling_update,0.95,validation_student_t_residual_df5,test,1099,54.950000000000045,47,0.042766151046405826,1.2704313853337794,0.25968576791067177,3.542475845905301,0.059816112917862596,1.0143970634857349,0.01133452095573519,2,31.91304347826087
AAPL,gjr_rolling_update,0.99,validation_student_t_residual_df5,test,1099,10.990000000000009,15,0.01364877161055505,1.326730539054921,0.24938769214513268,1.6677462201465119,0.1965606818082224,0.9525571475646305,0.008812207927667572,2,89.14285714285714
GLD,garch_11,0.95,validation_student_t_residual_df5,test,1099,54.950000000000045,51,0.04640582347588717,0.30592448808425843,0.5801919172545631,4.62457877693447,0.03151699907651362,1.0020583613959926,0.0075345820651395124,2,30.86
GLD,garch_11,0.99,validation_student_t_residual_df5,test,1099,10.990000000000009,9,0.00818926296633303,0.3879361078638084,0.533386270878409,0.1487620240286276,0.6997212306440683,1.1350422443473127,0.0143746311478439,1,177.875
GLD,gjr_garch,0.95,validation_student_t_residual_df5,test,1099,54.950000000000045,48,0.04367606915377616,0.9647859151633043,0.32598400826358576,5.69049236489559,0.01705706816840502,1.021468664430237,0.007866590773714962,2,32.829787234042556
GLD,gjr_garch,0.99,validation_student_t_residual_df5,test,1099,10.990000000000009,9,0.00818926296633303,0.3879361078638084,0.533386270878409,0.1487620240286276,0.6997212306440683,1.1191193604934295,0.013967111260081096,1,177.875
GLD,egarch_t,0.95,validation_student_t_residual_df5,test,1099,54.950000000000045,46,0.04185623293903549,1.6205343991379095,0.20301728934846797,9.411963538405473,0.002155742527948923,1.0043187551479673,0.00813566569604294,3,34.86666666666667
GLD,egarch_t,0.99,validation_student_t_residual_df5,test,1099,10.990000000000009,8,0.007279344858962694,0.9075017836278789,0.34077813907032306,0.11743224695520382,0.7318362852648446,1.1363729477268354,0.01516426029248565,1,203.28571428571428
GLD,garch_rolling_update,0.95,validation_student_t_residual_df5,test,1099,54.950000000000045,50,0.04549590536851683,0.48336415956634937,0.48690242927729155,2.869612994771103,0.09026657335235133,1.0010363504678688,0.006897497015398608,2,31.489795918367346
GLD,garch_rolling_update,0.99,validation_student_t_residual_df5,test,1099,10.990000000000009,7,0.006369426751592357,1.679555785288244,0.19498348865188797,0.08982646414843032,0.7643978865128542,1.1416345896165048,0.015476114447401799,1,221.16666666666666
GLD,gjr_rolling_update,0.95,validation_student_t_residual_df5,test,1099,54.950000000000045,50,0.04549590536851683,0.48336415956634937,0.48690242927729155,2.869612994771103,0.09026657335235133,1.0007098865064956,0.006892333183865187,2,31.489795918367346
GLD,gjr_rolling_update,0.99,validation_student_t_residual_df5,test,1099,10.990000000000009,7,0.006369426751592357,1.679555785288244,0.19498348865188797,0.08982646414843032,0.7643978865128542,1.1411057383555407,0.015462067147140842,1,221.16666666666666
IWM,garch_11,0.95,validation_student_t_residual_df5,test,1099,54.950000000000045,50,0.04549590536851683,0.48336415956634937,0.48690242927729155,1.1906116569925302,0.27520621254741096,0.9401996290316973,0.007631737275071962,3,32.46938775510204
IWM,garch_11,0.99,validation_student_t_residual_df5,test,1099,10.990000000000009,6,0.00545950864422202,2.740135413101356,0.09785647419034993,5.233898913700898,0.022150825286584963,1.0149532492730944,0.010767253512929266,2,121.0
IWM,gjr_garch,0.95,validation_student_t_residual_df5,test,1099,54.950000000000045,53,0.048225659690627844,0.0736724680681391,0.7860628482370656,3.8382554739795864,0.05009561855447142,0.9265570820365707,0.006863738889184199,3,30.596153846153847
IWM,gjr_garch,0.99,validation_student_t_residual_df5,test,1099,10.990000000000009,8,0.007279344858962694,0.9075017836278789,0.34077813907032306,4.034843935403174,0.044569797501799346,0.9288008014764552,0.007503938410265125,2,196.28571428571428
IWM,egarch_t,0.95,validation_student_t_residual_df5,test,1099,54.950000000000045,45,0.04094631483166515,2.0160184345413654,0.1556468008916717,2.1058907172320573,0.14673287863132234,0.9228896282732971,0.007729694723020942,3,36.15909090909091
IWM,egarch_t,0.99,validation_student_t_residual_df5,test,1099,10.990000000000009,6,0.00545950864422202,2.740135413101356,0.09785647419034993,5.233898913700898,0.022150825286584963,0.950840099290238,0.008650425061103003,2,121.0
IWM,garch_rolling_update,0.95,validation_student_t_residual_df5,test,1099,54.950000000000045,49,0.044585987261146494,0.7027130761239277,0.40187356029709553,0.29979414166831475,0.584011504227749,0.9183016072096837,0.007066061476025704,2,33.145833333333336
IWM,garch_rolling_update,0.99,validation_student_t_residual_df5,test,1099,10.990000000000009,5,0.004549590536851683,4.137438816978587,0.041944586478244505,0.04574581370487607,0.8306385235480794,1.0332535991491172,0.011191831766703398,1,151.25
IWM,gjr_rolling_update,0.95,validation_student_t_residual_df5,test,1099,54.950000000000045,49,0.044585987261146494,0.7027130761239277,0.40187356029709553,0.29979414166831475,0.584011504227749,0.9179114996828939,0.007056591004744883,2,33.145833333333336
IWM,gjr_rolling_update,0.99,validation_student_t_residual_df5,test,1099,10.990000000000009,5,0.004549590536851683,4.137438816978587,0.041944586478244505,0.04574581370487607,0.8306385235480794,1.034609666008659,0.011231781924455921,1,151.25
JPM,garch_11,0.95,validation_student_t_residual_df5,test,1099,54.950000000000045,51,0.04640582347588717,0.30592448808425843,0.5801919172545631,1.0421438377227332,0.3073233956610866,1.070828862210714,0.01293672059765089,2,31.48
JPM,garch_11,0.99,validation_student_t_residual_df5,test,1099,10.990000000000009,18,0.01637852593266606,3.7871580519118027,0.05164726955029986,4.586929081307517,0.03221668722159898,0.9798474693199363,0.010965392494453989,2,85.88235294117646
JPM,gjr_garch,0.95,validation_student_t_residual_df5,test,1099,54.950000000000045,48,0.04367606915377616,0.9647859151633043,0.32598400826358576,3.262747692482378,0.07087028175037013,1.0843822743131468,0.01280880104861968,2,33.48936170212766
JPM,gjr_garch,0.99,validation_student_t_residual_df5,test,1099,10.990000000000009,16,0.014558689717925387,2.0223997469619235,0.15499402479012347,5.477760405921316,0.019259919944914716,0.9919531453679259,0.011471623900043384,2,97.33333333333333
JPM,egarch_t,0.95,validation_student_t_residual_df5,test,1099,54.950000000000045,49,0.044585987261146494,0.7027130761239277,0.40187356029709553,1.3502047570024729,0.2452423241058116,1.0392637686626305,0.01234243697885845,2,32.791666666666664
JPM,egarch_t,0.99,validation_student_t_residual_df5,test,1099,10.990000000000009,15,0.01364877161055505,1.326730539054921,0.24938769214513268,5.980384056121949,0.014465851807550667,0.9787271067049952,0.011129274086005132,2,101.78571428571429
JPM,garch_rolling_update,0.95,validation_student_t_residual_df5,test,1099,54.950000000000045,58,0.052775250227479524,0.1751609477332181,0.6755652575979891,0.0014879266267939784,0.969230309330434,1.0675825512006714,0.01189525660503738,2,27.614035087719298
JPM,garch_rolling_update,0.99,validation_student_t_residual_df5,test,1099,10.990000000000009,18,0.01637852593266606,3.7871580519118027,0.05164726955029986,1.0885283359429536,0.2967975121817008,1.0038024145273936,0.011224877828448995,2,90.17647058823529
JPM,gjr_rolling_update,0.95,validation_student_t_residual_df5,test,1099,54.950000000000045,58,0.052775250227479524,0.1751609477332181,0.6755652575979891,0.0014879266267939784,0.969230309330434,1.066979788915243,0.011882606273477795,2,27.614035087719298
JPM,gjr_rolling_update,0.99,validation_student_t_residual_df5,test,1099,10.990000000000009,18,0.01637852593266606,3.7871580519118027,0.05164726955029986,1.0885283359429536,0.2967975121817008,1.006054379433423,0.011301430434610994,2,90.17647058823529
MSFT,garch_11,0.95,validation_student_t_residual_df5,test,1099,54.950000000000045,65,0.059144676979071886,1.8323195441446387,0.17585381802299727,0.226456134301543,0.6341640935401046,0.994027785150889,0.010218649468068091,2,24.625
MSFT,garch_11,0.99,validation_student_t_residual_df5,test,1099,10.990000000000009,12,0.01091901728844404,0.09103902648794815,0.7628603810892526,0.26519876693117794,0.6065708180634359,0.9828918936206378,0.012024464299410108,1,135.0
MSFT,gjr_garch,0.95,validation_student_t_residual_df5,test,1099,54.950000000000045,59,0.05368516833484986,0.30715484886144395,0.5794313541935328,0.010384960441797375,0.9188307904848937,1.0229539799110914,0.010871609911501594,2,27.17241379310345
MSFT,gjr_garch,0.99,validation_student_t_residual_df5,test,1099,10.990000000000009,15,0.01364877161055505,1.326730539054921,0.24938769214513268,0.41552575126726765,0.5191780929564552,1.0116501441683232,0.012182245405307488,1,112.07142857142857
MSFT,egarch_t,0.95,validation_student_t_residual_df5,test,1099,54.950000000000045,62,0.056414922656960874,0.9158403149458536,0.338569545338982,0.08416699503135305,0.7717278891712619,0.9728494210397651,0.010014265752637,2,25.83606557377049
MSFT,egarch_t,0.99,validation_student_t_residual_df5,test,1099,10.990000000000009,10,0.009099181073703366,0.09288703739709092,0.7605384770378237,0.18382611764481283,0.6681055469475126,0.9964182100418635,0.013287888307663132,1,164.11111111111111
MSFT,garch_rolling_update,0.95,validation_student_t_residual_df5,test,1099,54.950000000000045,59,0.05368516833484986,0.30715484886144395,0.5794313541935328,0.548009691118466,0.45913207550692425,0.9861084603887861,0.010134064645058775,2,27.17241379310345
MSFT,garch_rolling_update,0.99,validation_student_t_residual_df5,test,1099,10.990000000000009,10,0.009099181073703366,0.09288703739709092,0.7605384770378237,0.18382611764481283,0.6681055469475126,1.060296933427252,0.014829350295174468,1,137.11111111111111
MSFT,gjr_rolling_update,0.95,validation_student_t_residual_df5,test,1099,54.950000000000045,62,0.056414922656960874,0.9158403149458536,0.338569545338982,0.8409907435757304,0.35911357134127186,0.9681404537179552,0.009641703517632478,2,25.83606557377049
MSFT,gjr_rolling_update,0.99,validation_student_t_residual_df5,test,1099,10.990000000000009,10,0.009099181073703366,0.09288703739709092,0.7605384770378237,0.18382611764481283,0.6681055469475126,1.0697958150100537,0.01515610408821646,1,137.11111111111111
NVDA,garch_11,0.95,validation_student_t_residual_df5,test,1099,54.950000000000045,60,0.0545950864422202,0.4749717554956874,0.4907087762921991,2.0821076290569067,0.14903427100470457,0.9583036416480194,0.017308250973851944,2,26.966101694915253
NVDA,garch_11,0.99,validation_student_t_residual_df5,test,1099,10.990000000000009,10,0.009099181073703366,0.09288703739709092,0.7605384770378237,3.1471600420214116,0.07605923233228284,0.9485129584886833,0.018737891343626734,2,114.0
NVDA,gjr_garch,0.95,validation_student_t_residual_df5,test,1099,54.950000000000045,50,0.04549590536851683,0.48336415956634937,0.48690242927729155,2.744371332481478,0.09759745533437858,0.9389028233731713,0.016485887911629554,2,32.46938775510204
NVDA,gjr_garch,0.99,validation_student_t_residual_df5,test,1099,10.990000000000009,3,0.00272975432211101,8.248292037102864,0.004079036322261476,0.016438376723129977,0.8979810193360448,1.1218006102541012,0.03806909994931857,1,421.5
NVDA,egarch_t,0.95,validation_student_t_residual_df5,test,1099,54.950000000000045,61,0.055505004549590536,0.6780484669573639,0.41025953852249464,0.11750788808910784,0.7317532626911774,0.9297867522913129,0.016062959649649208,2,26.516666666666666
NVDA,egarch_t,0.99,validation_student_t_residual_df5,test,1099,10.990000000000009,9,0.00818926296633303,0.3879361078638084,0.533386270878409,3.5611648542124357,0.05914621954173882,0.9171146436324518,0.016982340861405185,2,119.0
NVDA,garch_rolling_update,0.95,validation_student_t_residual_df5,test,1099,54.950000000000045,51,0.04640582347588717,0.30592448808425843,0.5801919172545631,0.06638853260307087,0.7966695334856482,0.9000839019443707,0.013762240578474782,2,30.78
NVDA,garch_rolling_update,0.99,validation_student_t_residual_df5,test,1099,10.990000000000009,4,0.003639672429481347,5.939280645688825,0.014807060906407044,0.029250522203483342,0.8642018746040457,1.0576898021015622,0.03188608447928579,1,305.3333333333333
NVDA,gjr_rolling_update,0.95,validation_student_t_residual_df5,test,1099,54.950000000000045,51,0.04640582347588717,0.30592448808425843,0.5801919172545631,0.06638853260307087,0.7966695334856482,0.8961976403272747,0.013557135962389983,2,30.78
NVDA,gjr_rolling_update,0.99,validation_student_t_residual_df5,test,1099,10.990000000000009,4,0.003639672429481347,5.939280645688825,0.014807060906407044,0.029250522203483342,0.8642018746040457,1.0491267024181499,0.031234658508108068,1,305.3333333333333
QQQ,garch_11,0.95,validation_student_t_residual_df5,test,1099,54.950000000000045,60,0.0545950864422202,0.4749717554956874,0.4907087762921991,0.16713776340577624,0.6826681971204501,0.9492339037702022,0.007591672945306587,2,26.135593220338983
QQQ,garch_11,0.99,validation_student_t_residual_df5,test,1099,10.990000000000009,9,0.00818926296633303,0.3879361078638084,0.533386270878409,3.5611648542124357,0.05914621954173882,0.9552769981111431,0.008274716974796294,2,142.625
QQQ,gjr_garch,0.95,validation_student_t_residual_df5,test,1099,54.950000000000045,48,0.04367606915377616,0.9647859151633043,0.32598400826358576,0.37792181561451343,0.5387175492340339,0.9639109808296317,0.007464899825932305,2,33.851063829787236
QQQ,gjr_garch,0.99,validation_student_t_residual_df5,test,1099,10.990000000000009,10,0.009099181073703366,0.09288703739709092,0.7605384770378237,3.1471600420214116,0.07605923233228284,0.9185830666945268,0.006484070413205939,2,152.66666666666666
QQQ,egarch_t,0.95,validation_student_t_residual_df5,test,1099,54.950000000000045,62,0.056414922656960874,0.9158403149458536,0.338569545338982,0.8409907435757304,0.35911357134127186,0.932085010340718,0.007414148448207401,2,25.262295081967213
QQQ,egarch_t,0.99,validation_student_t_residual_df5,test,1099,10.990000000000009,9,0.00818926296633303,0.3879361078638084,0.533386270878409,3.5611648542124357,0.05914621954173882,0.9479027155793565,0.00803088549214032,2,142.625
QQQ,garch_rolling_update,0.95,validation_student_t_residual_df5,test,1099,54.950000000000045,60,0.0545950864422202,0.4749717554956874,0.4907087762921991,0.027203007130822243,0.8689964490644402,0.925002320460832,0.006936784792769246,2,26.11864406779661
QQQ,garch_rolling_update,0.99,validation_student_t_residual_df5,test,1099,10.990000000000009,11,0.010009099181073703,9.188333663701087e-06,0.9975814349357897,2.7815871730451107,0.09535363009753384,0.9154583461167931,0.0063510621541363246,2,122.5
QQQ,gjr_rolling_update,0.95,validation_student_t_residual_df5,test,1099,54.950000000000045,60,0.0545950864422202,0.4749717554956874,0.4907087762921991,0.027203007130822243,0.8689964490644402,0.9236196598311169,0.006904999658007544,2,26.11864406779661
QQQ,gjr_rolling_update,0.99,validation_student_t_residual_df5,test,1099,10.990000000000009,11,0.010009099181073703,9.188333663701087e-06,0.9975814349357897,2.7815871730451107,0.09535363009753384,0.9148440408005429,0.006330881321915655,2,122.5
SPY,garch_11,0.95,validation_student_t_residual_df5,test,1099,54.950000000000045,54,0.04913557779799818,0.017383657318418955,0.8951052326802729,0.6608817983127437,0.4162488078466643,0.9655433019135605,0.006107464822724202,3,30.0188679245283
SPY,garch_11,0.99,validation_student_t_residual_df5,test,1099,10.990000000000009,10,0.009099181073703366,0.09288703739709092,0.7605384770378237,3.1471600420214116,0.07605923233228284,1.0863368857123892,0.009704997054295623,2,138.11111111111111
SPY,gjr_garch,0.95,validation_student_t_residual_df5,test,1099,54.950000000000045,51,0.04640582347588717,0.30592448808425843,0.5801919172545631,1.0421438377227332,0.3073233956610866,0.9568086186377652,0.005730638248626967,3,31.82
SPY,gjr_garch,0.99,validation_student_t_residual_df5,test,1099,10.990000000000009,11,0.010009099181073703,9.188333663701087e-06,0.9975814349357897,2.7815871730451107,0.09535363009753384,0.9838630688502896,0.006718085430118196,2,124.7
SPY,egarch_t,0.95,validation_student_t_residual_df5,test,1099,54.950000000000045,54,0.04913557779799818,0.017383657318418955,0.8951052326802729,0.6608817983127437,0.4162488078466643,0.9574173932256672,0.006265247846925687,3,29.09433962264151
SPY,egarch_t,0.99,validation_student_t_residual_df5,test,1099,10.990000000000009,11,0.010009099181073703,9.188333663701087e-06,0.9975814349357897,2.7815871730451107,0.09535363009753384,1.060363824638157,0.008743232883831968,2,124.3
SPY,garch_rolling_update,0.95,validation_student_t_residual_df5,test,1099,54.950000000000045,58,0.052775250227479524,0.1751609477332181,0.6755652575979891,0.2937205576989186,0.5878461151156111,0.9594945119545725,0.005862097268342164,2,27.05263157894737
SPY,garch_rolling_update,0.99,validation_student_t_residual_df5,test,1099,10.990000000000009,10,0.009099181073703366,0.09288703739709092,0.7605384770378237,3.1471600420214116,0.07605923233228284,1.0213519331913488,0.008347523984460384,2,138.11111111111111
SPY,gjr_rolling_update,0.95,validation_student_t_residual_df5,test,1099,54.950000000000045,58,0.052775250227479524,0.1751609477332181,0.6755652575979891,0.2937205576989186,0.5878461151156111,0.9578336311638187,0.005835075773560572,2,27.05263157894737
SPY,gjr_rolling_update,0.99,validation_student_t_residual_df5,test,1099,10.990000000000009,10,0.009099181073703366,0.09288703739709092,0.7605384770378237,3.1471600420214116,0.07605923233228284,1.022068566940639,0.008364178237112824,2,138.11111111111111
TLT,garch_11,0.95,validation_student_t_residual_df5,test,1099,54.950000000000045,55,0.05004549590536852,4.787667194250389e-05,0.9944792437488698,0.6066257836966997,0.43606109814591787,0.9085515767205765,0.004939474196616262,2,29.5
TLT,garch_11,0.99,validation_student_t_residual_df5,test,1099,10.990000000000009,6,0.00545950864422202,2.740135413101356,0.09785647419034993,0.054920142360160185,0.8147129079190609,0.8653771878663065,0.0034735275190553618,1,307.4
TLT,gjr_garch,0.95,validation_student_t_residual_df5,test,1099,54.950000000000045,58,0.052775250227479524,0.1751609477332181,0.6755652575979891,0.33134440612849403,0.5648685233524204,0.8996872360428405,0.004665625105659666,2,27.94736842105263
TLT,gjr_garch,0.99,validation_student_t_residual_df5,test,1099,10.990000000000009,5,0.004549590536851683,4.137438816978587,0.041944586478244505,0.04574581370487607,0.8306385235480794,0.8935816129355834,0.004265448190772622,1,369.75
TLT,egarch_t,0.95,validation_student_t_residual_df5,test,1099,54.950000000000045,49,0.044585987261146494,0.7027130761239277,0.40187356029709553,0.33786196254038714,0.5610659450850766,0.8775359723737689,0.00453507349810347,2,33.1875
TLT,egarch_t,0.99,validation_student_t_residual_df5,test,1099,10.990000000000009,4,0.003639672429481347,5.939280645688825,0.014807060906407044,0.029250522203483342,0.8642018746040457,0.8517536004377192,0.0033614800286788987,1,378.3333333333333
TLT,garch_rolling_update,0.95,validation_student_t_residual_df5,test,1099,54.950000000000045,64,0.05823475887170155,1.4934780859202874,0.2216775983781144,0.03215037218586758,0.8576980258319828,0.9174924118800893,0.004508701511312923,2,25.285714285714285
TLT,garch_rolling_update,0.99,validation_student_t_residual_df5,test,1099,10.990000000000009,9,0.00818926296633303,0.3879361078638084,0.533386270878409,0.13217206597870756,0.7161905119251628,0.8469356579517071,0.0026245297576023385,1,199.125
TLT,gjr_rolling_update,0.95,validation_student_t_residual_df5,test,1099,54.950000000000045,64,0.05823475887170155,1.4934780859202874,0.2216775983781144,0.03215037218586758,0.8576980258319828,0.9169713466339786,0.004500592069240714,2,25.285714285714285
TLT,gjr_rolling_update,0.99,validation_student_t_residual_df5,test,1099,10.990000000000009,9,0.00818926296633303,0.3879361078638084,0.533386270878409,0.13217206597870756,0.7161905119251628,0.8467116417537395,0.0026187746288907484,1,199.125
USO,garch_11,0.95,validation_student_t_residual_df5,test,1099,54.950000000000045,42,0.03821656050955414,3.4846256001426354,0.06194137136995037,2.8057696167885524,0.09392576213868387,0.9200824647215741,0.012673218535885641,2,37.1219512195122
USO,garch_11,0.99,validation_student_t_residual_df5,test,1099,10.990000000000009,6,0.00545950864422202,2.740135413101356,0.09785647419034993,5.233898913700898,0.022150825286584963,0.9222339422913064,0.014036264364065458,2,240.4
USO,gjr_garch,0.95,validation_student_t_residual_df5,test,1099,54.950000000000045,49,0.044585987261146494,0.7027130761239277,0.40187356029709553,3.1288031549233892,0.07692019202687328,0.9803434996402998,0.014870380325059879,2,32.395833333333336
USO,gjr_garch,0.99,validation_student_t_residual_df5,test,1099,10.990000000000009,9,0.00818926296633303,0.3879361078638084,0.533386270878409,3.5611648542124357,0.05914621954173882,1.0752590614917659,0.023325949701709526,2,186.375
USO,egarch_t,0.95,validation_student_t_residual_df5,test,1099,54.950000000000045,37,0.03366696997270246,6.939427905867433,0.008431607610591918,1.9395729885446258,0.16371490583817638,0.9146547622159604,0.012992388726699522,2,42.27777777777778
USO,egarch_t,0.99,validation_student_t_residual_df5,test,1099,10.990000000000009,6,0.00545950864422202,2.740135413101356,0.09785647419034993,5.233898913700898,0.022150825286584963,0.9177653168503433,0.013726019611388694,2,240.4
USO,garch_rolling_update,0.95,validation_student_t_residual_df5,test,1099,54.950000000000045,44,0.040036396724294813,2.457848106582105,0.11693888888882553,0.7899448831897189,0.3741167921301414,0.9459449483826367,0.012854396598960281,2,35.18604651162791
USO,garch_rolling_update,0.99,validation_student_t_residual_df5,test,1099,10.990000000000009,8,0.007279344858962694,0.9075017836278789,0.34077813907032306,0.11743224695520382,0.7318362852648446,0.9368108085180237,0.01269782586620094,1,171.71428571428572
USO,gjr_rolling_update,0.95,validation_student_t_residual_df5,test,1099,54.950000000000045,44,0.040036396724294813,2.457848106582105,0.11693888888882553,0.7899448831897189,0.3741167921301414,0.9497325427909186,0.012998097112709916,2,35.18604651162791
USO,gjr_rolling_update,0.99,validation_student_t_residual_df5,test,1099,10.990000000000009,8,0.007279344858962694,0.9075017836278789,0.34077813907032306,0.11743224695520382,0.7318362852648446,0.94528534357168,0.01317298654733711,1,171.71428571428572
AAPL,har_rv_log_ridge,0.95,validation_student_t_residual_df5,test,1099,54.950000000000045,47,0.042766151046405826,1.2704313853337794,0.25968576791067177,1.703937005356238,0.19177390650472026,1.0345710494888398,0.011767872035490824,2,31.91304347826087
AAPL,har_rv_log_ridge,0.99,validation_student_t_residual_df5,test,1099,10.990000000000009,14,0.012738853503184714,0.7663386246272239,0.38135211678353564,1.9035519429637304,0.16768128189794618,0.9716593688136468,0.00958633335113429,2,96.0
AAPL,har_rv_market_log_ridge,0.95,validation_student_t_residual_df5,test,1099,54.950000000000045,47,0.042766151046405826,1.2704313853337794,0.25968576791067177,1.703937005356238,0.19177390650472026,1.0333292084961825,0.011738643426395025,2,31.91304347826087
AAPL,har_rv_market_log_ridge,0.99,validation_student_t_residual_df5,test,1099,10.990000000000009,13,0.011828935395814377,0.3507688970446168,0.5536781985186567,2.1651760222820826,0.14116845717164217,0.9824504625460332,0.010276851755809748,2,104.0
AAPL,har_rv_market_huber,0.95,validation_student_t_residual_df5,test,1099,54.950000000000045,46,0.04185623293903549,1.6205343991379095,0.20301728934846797,1.898712741924271,0.16822247495695042,1.0299421075470543,0.011760155672034702,2,32.62222222222222
AAPL,har_rv_market_huber,0.99,validation_student_t_residual_df5,test,1099,10.990000000000009,14,0.012738853503184714,0.7663386246272239,0.38135211678353564,1.9035519429637304,0.16768128189794618,0.9690731588678629,0.009496782380404009,2,96.0
GLD,har_rv_log_ridge,0.95,validation_student_t_residual_df5,test,1099,54.950000000000045,54,0.04913557779799818,0.017383657318418955,0.8951052326802729,5.844270739460967,0.015627849371453895,0.9869388070833159,0.006609060980333364,3,30.056603773584907
GLD,har_rv_log_ridge,0.99,validation_student_t_residual_df5,test,1099,10.990000000000009,7,0.006369426751592357,1.679555785288244,0.19498348865188797,0.08982646414843032,0.7643978865128542,1.114356305275569,0.015005935198869249,1,221.16666666666666
GLD,har_rv_market_log_ridge,0.95,validation_student_t_residual_df5,test,1099,54.950000000000045,53,0.048225659690627844,0.0736724680681391,0.7860628482370656,3.988992754915671,0.04579843444519072,0.9907567690736879,0.006625386376238,2,30.634615384615383
GLD,har_rv_market_log_ridge,0.99,validation_student_t_residual_df5,test,1099,10.990000000000009,6,0.00545950864422202,2.740135413101356,0.09785647419034993,0.0659343976798823,0.7973509714076433,1.1765481512867517,0.018062814672684935,1,265.4
GLD,har_rv_market_huber,0.95,validation_student_t_residual_df5,test,1099,54.950000000000045,51,0.04640582347588717,0.30592448808425843,0.5801919172545631,4.62457877693447,0.03151699907651362,0.9984569552782541,0.006783804269833916,2,30.86
GLD,har_rv_market_huber,0.99,validation_student_t_residual_df5,test,1099,10.990000000000009,6,0.00545950864422202,2.740135413101356,0.09785647419034993,0.0659343976798823,0.7973509714076433,1.1668016218138282,0.01779182973494801,1,265.4
IWM,har_rv_log_ridge,0.95,validation_student_t_residual_df5,test,1099,54.950000000000045,52,0.047315741583257506,0.16961141335877983,0.6804573880216553,0.12153095478078058,0.7273799410282349,0.9028468311052111,0.00651878457052633,2,31.19607843137255
IWM,har_rv_log_ridge,0.99,validation_student_t_residual_df5,test,1099,10.990000000000009,5,0.004549590536851683,4.137438816978587,0.041944586478244505,0.04574581370487607,0.8306385235480794,1.033972074886319,0.011213011340900017,1,151.25
IWM,har_rv_market_log_ridge,0.95,validation_student_t_residual_df5,test,1099,54.950000000000045,53,0.048225659690627844,0.0736724680681391,0.7860628482370656,0.7775236312313041,0.37789957295270704,0.9128992940080488,0.006777969618079163,3,30.596153846153847
IWM,har_rv_market_log_ridge,0.99,validation_student_t_residual_df5,test,1099,10.990000000000009,5,0.004549590536851683,4.137438816978587,0.041944586478244505,0.04574581370487607,0.8306385235480794,1.0560040798120909,0.011848489265654702,1,151.25
IWM,har_rv_market_huber,0.95,validation_student_t_residual_df5,test,1099,54.950000000000045,49,0.044585987261146494,0.7027130761239277,0.40187356029709553,0.29979414166831475,0.584011504227749,0.9073836907722463,0.006767145581827584,2,33.145833333333336
IWM,har_rv_market_huber,0.99,validation_student_t_residual_df5,test,1099,10.990000000000009,5,0.004549590536851683,4.137438816978587,0.041944586478244505,0.04574581370487607,0.8306385235480794,1.0273830644658268,0.011017667448759105,1,151.25
JPM,har_rv_log_ridge,0.95,validation_student_t_residual_df5,test,1099,54.950000000000045,53,0.048225659690627844,0.0736724680681391,0.7860628482370656,0.08017496730718676,0.7770604404767166,1.013958312676599,0.011056986436882462,2,30.26923076923077
JPM,har_rv_log_ridge,0.99,validation_student_t_residual_df5,test,1099,10.990000000000009,13,0.011828935395814377,0.3507688970446168,0.5536781985186567,2.1651760222820826,0.14116845717164217,0.9972005247113808,0.012206429509828275,2,121.66666666666667
JPM,har_rv_market_log_ridge,0.95,validation_student_t_residual_df5,test,1099,54.950000000000045,54,0.04913557779799818,0.017383657318418955,0.8951052326802729,0.04756059193908868,0.8273637334086295,1.0292181989761988,0.011378661192205623,2,29.69811320754717
JPM,har_rv_market_log_ridge,0.99,validation_student_t_residual_df5,test,1099,10.990000000000009,14,0.012738853503184714,0.7663386246272239,0.38135211678353564,1.9035519429637304,0.16768128189794618,0.9998832200196714,0.012024651527993629,2,112.3076923076923
JPM,har_rv_market_huber,0.95,validation_student_t_residual_df5,test,1099,54.950000000000045,57,0.051865332120109194,0.0795727437317737,0.7778772521231532,0.0006289171456614895,0.9799925722064482,1.0384472744454292,0.01134925278138619,2,28.107142857142858
JPM,har_rv_market_huber,0.99,validation_student_t_residual_df5,test,1099,10.990000000000009,15,0.01364877161055505,1.326730539054921,0.24938769214513268,1.6677462201465119,0.1965606818082224,1.0049614552333117,0.012099726314615231,2,104.28571428571429
MSFT,har_rv_log_ridge,0.95,validation_student_t_residual_df5,test,1099,54.950000000000045,63,0.05732484076433121,1.1878202668365816,0.275769675605269,0.951704494285309,0.3292858121479443,0.9850820971688035,0.010132818333867167,2,25.419354838709676
MSFT,har_rv_log_ridge,0.99,validation_student_t_residual_df5,test,1099,10.990000000000009,11,0.010009099181073703,9.188333663701087e-06,0.9975814349357897,0.22263489469104059,0.637039553276101,1.070097524231647,0.014507226598726134,1,123.4
MSFT,har_rv_market_log_ridge,0.95,validation_student_t_residual_df5,test,1099,54.950000000000045,62,0.056414922656960874,0.9158403149458536,0.338569545338982,0.8409907435757304,0.35911357134127186,0.9670678888040634,0.009749545648097258,2,25.83606557377049
MSFT,har_rv_market_log_ridge,0.99,validation_student_t_residual_df5,test,1099,10.990000000000009,11,0.010009099181073703,9.188333663701087e-06,0.9975814349357897,0.22263489469104059,0.637039553276101,1.0556982431344508,0.014031501067151108,1,123.4
MSFT,har_rv_market_huber,0.95,validation_student_t_residual_df5,test,1099,54.950000000000045,61,0.055505004549590536,0.6780484669573639,0.41025953852249464,0.7367635422941703,0.3906996074350174,0.9671788802201732,0.009669111260855014,2,26.266666666666666
MSFT,har_rv_market_huber,0.99,validation_student_t_residual_df5,test,1099,10.990000000000009,10,0.009099181073703366,0.09288703739709092,0.7605384770378237,0.18382611764481283,0.6681055469475126,1.073490777845943,0.01507920214427665,1,137.11111111111111
NVDA,har_rv_log_ridge,0.95,validation_student_t_residual_df5,test,1099,54.950000000000045,51,0.04640582347588717,0.30592448808425843,0.5801919172545631,0.06638853260307087,0.7966695334856482,0.9142012961810417,0.014357327454215748,2,31.08
NVDA,har_rv_log_ridge,0.99,validation_student_t_residual_df5,test,1099,10.990000000000009,3,0.00272975432211101,8.248292037102864,0.004079036322261476,0.016438376723129977,0.8979810193360448,1.1518566630762714,0.04149617006122004,1,442.5
NVDA,har_rv_market_log_ridge,0.95,validation_student_t_residual_df5,test,1099,54.950000000000045,53,0.048225659690627844,0.0736724680681391,0.7860628482370656,0.14443783534113663,0.7039084633593482,0.9003335793251931,0.013695127400864827,2,29.884615384615383
NVDA,har_rv_market_log_ridge,0.99,validation_student_t_residual_df5,test,1099,10.990000000000009,3,0.00272975432211101,8.248292037102864,0.004079036322261476,0.016438376723129977,0.8979810193360448,1.1508642467793742,0.04142789747955838,1,442.5
NVDA,har_rv_market_huber,0.95,validation_student_t_residual_df5,test,1099,54.950000000000045,50,0.04549590536851683,0.48336415956634937,0.48690242927729155,0.038404178669395606,0.8446337714925602,0.907879907432897,0.014111705508332389,2,31.408163265306122
NVDA,har_rv_market_huber,0.99,validation_student_t_residual_df5,test,1099,10.990000000000009,3,0.00272975432211101,8.248292037102864,0.004079036322261476,0.016438376723129977,0.8979810193360448,1.1483992640706921,0.0412578101946032,1,442.5
QQQ,har_rv_log_ridge,0.95,validation_student_t_residual_df5,test,1099,54.950000000000045,61,0.055505004549590536,0.6780484669573639,0.41025953852249464,0.05183172371926048,0.8199060495442108,0.9337307854514545,0.007023321778908137,2,25.683333333333334
QQQ,har_rv_log_ridge,0.99,validation_student_t_residual_df5,test,1099,10.990000000000009,11,0.010009099181073703,9.188333663701087e-06,0.9975814349357897,2.7815871730451107,0.09535363009753384,0.9055512609619684,0.0063191394796106555,2,114.1
QQQ,har_rv_market_log_ridge,0.95,validation_student_t_residual_df5,test,1099,54.950000000000045,61,0.055505004549590536,0.6780484669573639,0.41025953852249464,0.05183172371926048,0.8199060495442108,0.930760881394026,0.0069572585931799045,2,25.683333333333334
QQQ,har_rv_market_log_ridge,0.99,validation_student_t_residual_df5,test,1099,10.990000000000009,12,0.01091901728844404,0.09103902648794815,0.7628603810892526,2.4562929402463,0.1170547484933736,0.8916024745709815,0.00561380097085127,2,103.72727272727273
QQQ,har_rv_market_huber,0.95,validation_student_t_residual_df5,test,1099,54.950000000000045,61,0.055505004549590536,0.6780484669573639,0.41025953852249464,0.05183172371926048,0.8199060495442108,0.9306010032154102,0.006953690267820489,2,25.683333333333334
QQQ,har_rv_market_huber,0.99,validation_student_t_residual_df5,test,1099,10.990000000000009,12,0.01091901728844404,0.09103902648794815,0.7628603810892526,2.4562929402463,0.1170547484933736,0.8937936295045286,0.005690362239104314,2,103.72727272727273
SPY,har_rv_log_ridge,0.95,validation_student_t_residual_df5,test,1099,54.950000000000045,59,0.05368516833484986,0.30715484886144395,0.5794313541935328,0.22582333336771399,0.6346382080466613,0.9587129040772351,0.005805785218005072,2,27.43103448275862
SPY,har_rv_log_ridge,0.99,validation_student_t_residual_df5,test,1099,10.990000000000009,10,0.009099181073703366,0.09288703739709092,0.7605384770378237,3.1471600420214116,0.07605923233228284,1.008099951109795,0.008035286406026885,2,138.11111111111111
SPY,har_rv_market_log_ridge,0.95,validation_student_t_residual_df5,test,1099,54.950000000000045,58,0.052775250227479524,0.1751609477332181,0.6755652575979891,0.2937205576989186,0.5878461151156111,0.9637773141278696,0.005920268425122231,2,27.912280701754387
SPY,har_rv_market_log_ridge,0.99,validation_student_t_residual_df5,test,1099,10.990000000000009,10,0.009099181073703366,0.09288703739709092,0.7605384770378237,3.1471600420214116,0.07605923233228284,1.0046176706281524,0.007951871688949732,2,138.11111111111111
SPY,har_rv_market_huber,0.95,validation_student_t_residual_df5,test,1099,54.950000000000045,60,0.0545950864422202,0.4749717554956874,0.4907087762921991,0.16713776340577624,0.6826681971204501,0.9582677570713163,0.005767115519912143,2,26.966101694915253
SPY,har_rv_market_huber,0.99,validation_student_t_residual_df5,test,1099,10.990000000000009,10,0.009099181073703366,0.09288703739709092,0.7605384770378237,3.1471600420214116,0.07605923233228284,1.009523275325718,0.008069215108186803,2,138.11111111111111
TLT,har_rv_log_ridge,0.95,validation_student_t_residual_df5,test,1099,54.950000000000045,64,0.05823475887170155,1.4934780859202874,0.2216775983781144,0.03215037218586758,0.8576980258319828,0.9141322289847947,0.004547478126209428,2,25.285714285714285
TLT,har_rv_log_ridge,0.99,validation_student_t_residual_df5,test,1099,10.990000000000009,9,0.00818926296633303,0.3879361078638084,0.533386270878409,0.13217206597870756,0.7161905119251628,0.8665083770417566,0.0031158781590047593,1,199.125
TLT,har_rv_market_log_ridge,0.95,validation_student_t_residual_df5,test,1099,54.950000000000045,66,0.06005459508644222,2.2038656833078676,0.1376651239614166,0.32087109103298417,0.5710846208584488,0.9127840634662461,0.004504676705194349,2,24.50769230769231
TLT,har_rv_market_log_ridge,0.99,validation_student_t_residual_df5,test,1099,10.990000000000009,9,0.00818926296633303,0.3879361078638084,0.533386270878409,0.13217206597870756,0.7161905119251628,0.8717718294203881,0.003244246127807433,1,199.125
TLT,har_rv_market_huber,0.95,validation_student_t_residual_df5,test,1099,54.950000000000045,65,0.059144676979071886,1.8323195441446387,0.17585381802299727,0.013088944247840573,0.9089152255178298,0.9147012144961478,0.004541855343357807,2,24.890625
TLT,har_rv_market_huber,0.99,validation_student_t_residual_df5,test,1099,10.990000000000009,9,0.00818926296633303,0.3879361078638084,0.533386270878409,0.13217206597870756,0.7161905119251628,0.8720036232735314,0.0032498636185110488,1,199.125
USO,har_rv_log_ridge,0.95,validation_student_t_residual_df5,test,1099,54.950000000000045,42,0.03821656050955414,3.4846256001426354,0.06194137136995037,1.0594012235102355,0.30335179170286186,0.9624841974510796,0.013654545536490256,2,36.90243902439025
USO,har_rv_log_ridge,0.99,validation_student_t_residual_df5,test,1099,10.990000000000009,8,0.007279344858962694,0.9075017836278789,0.34077813907032306,4.034843935403174,0.044569797501799346,0.924972098111332,0.012709525194327179,2,171.71428571428572
USO,har_rv_market_log_ridge,0.95,validation_student_t_residual_df5,test,1099,54.950000000000045,46,0.04185623293903549,1.6205343991379095,0.20301728934846797,1.898712741924271,0.16822247495695042,0.9625334518313345,0.01338762469965001,2,33.62222222222222
USO,har_rv_market_log_ridge,0.99,validation_student_t_residual_df5,test,1099,10.990000000000009,9,0.00818926296633303,0.3879361078638084,0.533386270878409,3.5611648542124357,0.05914621954173882,0.9299699831275248,0.012464165282238045,2,163.875
USO,har_rv_market_huber,0.95,validation_student_t_residual_df5,test,1099,54.950000000000045,46,0.04185623293903549,1.6205343991379095,0.20301728934846797,1.898712741924271,0.16822247495695042,0.9542272678653677,0.012984837311610112,2,33.62222222222222
USO,har_rv_market_huber,0.99,validation_student_t_residual_df5,test,1099,10.990000000000009,8,0.007279344858962694,0.9075017836278789,0.34077813907032306,4.034843935403174,0.044569797501799346,0.9458165892019322,0.013960473897629028,2,171.71428571428572
AAPL,random_forest,0.95,validation_student_t_residual_df5,test,1099,54.950000000000045,43,0.039126478616924476,2.9470319728651475,0.08603543334856179,2.558996486840158,0.10966817675006002,1.011089485552173,0.011461912897592193,2,33.333333333333336
AAPL,random_forest,0.99,validation_student_t_residual_df5,test,1099,10.990000000000009,11,0.010009099181073703,9.188333663701087e-06,0.9975814349357897,0.22263489469104059,0.637039553276101,0.9678990316657534,0.010416503322548988,1,124.8
AAPL,hist_gradient_boosting,0.95,validation_student_t_residual_df5,test,1099,54.950000000000045,42,0.03821656050955414,3.4846256001426354,0.06194137136995037,2.8057696167885524,0.09392576213868387,1.0113628346049794,0.011493045510566771,2,34.146341463414636
AAPL,hist_gradient_boosting,0.99,validation_student_t_residual_df5,test,1099,10.990000000000009,10,0.009099181073703366,0.09288703739709092,0.7605384770378237,0.18382611764481283,0.6681055469475126,0.9662700508497403,0.010500924473419219,1,138.66666666666666
GLD,random_forest,0.95,validation_student_t_residual_df5,test,1099,54.950000000000045,56,0.050955414012738856,0.020993445265673927,0.8847968142022279,5.116965076149313,0.02369301881095376,0.9918088853639018,0.0073673268221488885,3,28.527272727272727
GLD,random_forest,0.99,validation_student_t_residual_df5,test,1099,10.990000000000009,7,0.006369426751592357,1.679555785288244,0.19498348865188797,0.08982646414843032,0.7643978865128542,1.1223127256814178,0.016220232061053195,1,226.5
GLD,hist_gradient_boosting,0.95,validation_student_t_residual_df5,test,1099,54.950000000000045,57,0.051865332120109194,0.0795727437317737,0.7778772521231532,4.775440709403881,0.028868456508101104,0.9911574713815501,0.007379750041058688,3,28.446428571428573
GLD,hist_gradient_boosting,0.99,validation_student_t_residual_df5,test,1099,10.990000000000009,7,0.006369426751592357,1.679555785288244,0.19498348865188797,0.08982646414843032,0.7643978865128542,1.143787302757324,0.016848100876065194,1,226.5
IWM,random_forest,0.95,validation_student_t_residual_df5,test,1099,54.950000000000045,26,0.023657870791628753,19.78241186392728,8.677753462360549e-06,2.099770423882916,0.14732125707396893,0.895763359785824,0.00766368586146686,2,63.64
IWM,random_forest,0.99,validation_student_t_residual_df5,test,1099,10.990000000000009,2,0.0018198362147406734,11.238724393469703,0.0008010819367978428,0.007299274120189381,0.931914941293742,1.0370791256636074,0.014712086545394232,1,106.0
IWM,hist_gradient_boosting,0.95,validation_student_t_residual_df5,test,1099,54.950000000000045,27,0.02456778889899909,18.269965380220015,1.917060270939519e-05,1.8783665022300795,0.1705199216049419,0.9001383097999734,0.0078011022933345995,2,61.19230769230769
IWM,hist_gradient_boosting,0.99,validation_student_t_residual_df5,test,1099,10.990000000000009,3,0.00272975432211101,8.248292037102864,0.004079036322261476,0.016438376723129977,0.8979810193360448,0.9663855111635115,0.010869673460243012,1,207.5
JPM,random_forest,0.95,validation_student_t_residual_df5,test,1099,54.950000000000045,48,0.04367606915377616,0.9647859151633043,0.32598400826358576,0.37792181561451343,0.5387175492340339,0.9922281820219078,0.010816286735215003,2,33.48936170212766
JPM,random_forest,0.99,validation_student_t_residual_df5,test,1099,10.990000000000009,12,0.01091901728844404,0.09103902648794815,0.7628603810892526,2.4562929402463,0.1170547484933736,0.9669340448108937,0.011165785002494896,2,129.54545454545453
JPM,hist_gradient_boosting,0.95,validation_student_t_residual_df5,test,1099,54.950000000000045,44,0.040036396724294813,2.457848106582105,0.11693888888882553,0.7899448831897189,0.3741167921301414,1.0148989628573453,0.011704895607757103,2,36.604651162790695
JPM,hist_gradient_boosting,0.99,validation_student_t_residual_df5,test,1099,10.990000000000009,12,0.01091901728844404,0.09103902648794815,0.7628603810892526,0.26519876693117794,0.6065708180634359,0.984954303686251,0.011257742968045966,1,132.72727272727272
MSFT,random_forest,0.95,validation_student_t_residual_df5,test,1099,54.950000000000045,51,0.04640582347588717,0.30592448808425843,0.5801919172545631,1.091118252533363,0.29622357304326485,0.9448301658169554,0.009619679937700664,2,31.52
MSFT,random_forest,0.99,validation_student_t_residual_df5,test,1099,10.990000000000009,8,0.007279344858962694,0.9075017836278789,0.34077813907032306,0.11743224695520382,0.7318362852648446,1.0250263218585507,0.014886954102205205,1,176.28571428571428
MSFT,hist_gradient_boosting,0.95,validation_student_t_residual_df5,test,1099,54.950000000000045,49,0.044585987261146494,0.7027130761239277,0.40187356029709553,4.579359197882354,0.032359313911744625,0.955084280469223,0.009850917575565105,1,32.833333333333336
MSFT,hist_gradient_boosting,0.99,validation_student_t_residual_df5,test,1099,10.990000000000009,8,0.007279344858962694,0.9075017836278789,0.34077813907032306,0.11743224695520382,0.7318362852648446,1.02815918388556,0.015014266306877404,1,176.28571428571428
NVDA,random_forest,0.95,validation_student_t_residual_df5,test,1099,54.950000000000045,51,0.04640582347588717,0.30592448808425843,0.5801919172545631,1.091118252533363,0.29622357304326485,0.9132133868757171,0.0145817552921679,2,31.52
NVDA,random_forest,0.99,validation_student_t_residual_df5,test,1099,10.990000000000009,3,0.00272975432211101,8.248292037102864,0.004079036322261476,0.016438376723129977,0.8979810193360448,1.164731642678079,0.0423713497135337,1,442.5
NVDA,hist_gradient_boosting,0.95,validation_student_t_residual_df5,test,1099,54.950000000000045,54,0.04913557779799818,0.017383657318418955,0.8951052326802729,1.4664517055412034,0.22590637014041015,0.9100327550342591,0.014259424211970307,2,30.0188679245283
NVDA,hist_gradient_boosting,0.99,validation_student_t_residual_df5,test,1099,10.990000000000009,4,0.003639672429481347,5.939280645688825,0.014807060906407044,0.029250522203483342,0.8642018746040457,1.054239440195374,0.03232883453440984,1,295.0
QQQ,random_forest,0.95,validation_student_t_residual_df5,test,1099,54.950000000000045,49,0.044585987261146494,0.7027130761239277,0.40187356029709553,0.01793706395380923,0.8934584615997495,0.9190937137566927,0.0070610984032095795,2,32.104166666666664
QQQ,random_forest,0.99,validation_student_t_residual_df5,test,1099,10.990000000000009,9,0.00818926296633303,0.3879361078638084,0.533386270878409,3.5611648542124357,0.05914621954173882,0.880792909370794,0.0055435102742275085,2,140.375
QQQ,hist_gradient_boosting,0.95,validation_student_t_residual_df5,test,1099,54.950000000000045,51,0.04640582347588717,0.30592448808425843,0.5801919172545631,0.06638853260307087,0.7966695334856482,0.9067800492690508,0.006720864969871484,2,30.82
QQQ,hist_gradient_boosting,0.99,validation_student_t_residual_df5,test,1099,10.990000000000009,9,0.00818926296633303,0.3879361078638084,0.533386270878409,3.5611648542124357,0.05914621954173882,0.8948330711379198,0.006069212864783997,2,140.375
SPY,random_forest,0.95,validation_student_t_residual_df5,test,1099,54.950000000000045,40,0.036396724294813464,4.709519930885392,0.02999602694140502,0.17237215646582627,0.6780121450414194,0.9438299946492283,0.006412051351947376,2,39.1025641025641
SPY,random_forest,0.99,validation_student_t_residual_df5,test,1099,10.990000000000009,9,0.00818926296633303,0.3879361078638084,0.533386270878409,3.5611648542124357,0.05914621954173882,0.9565485108156306,0.006697568690795051,2,153.125
SPY,hist_gradient_boosting,0.95,validation_student_t_residual_df5,test,1099,54.950000000000045,40,0.036396724294813464,4.709519930885392,0.02999602694140502,0.17237215646582627,0.6780121450414194,0.9341072693935231,0.006264798026321325,2,39.51282051282051
SPY,hist_gradient_boosting,0.99,validation_student_t_residual_df5,test,1099,10.990000000000009,9,0.00818926296633303,0.3879361078638084,0.533386270878409,3.5611648542124357,0.05914621954173882,0.9500649161489814,0.0065255397409701675,2,153.125
TLT,random_forest,0.95,validation_student_t_residual_df5,test,1099,54.950000000000045,53,0.048225659690627844,0.0736724680681391,0.7860628482370656,0.12209909516195694,0.7267689092197198,0.8618190534248245,0.003906814663516814,2,30.634615384615383
TLT,random_forest,0.99,validation_student_t_residual_df5,test,1099,10.990000000000009,4,0.003639672429481347,5.939280645688825,0.014807060906407044,0.029250522203483342,0.8642018746040457,0.8420101438470923,0.002835148563506672,1,493.0
TLT,hist_gradient_boosting,0.95,validation_student_t_residual_df5,test,1099,54.950000000000045,52,0.047315741583257506,0.16961141335877983,0.6804573880216553,0.08307645989248158,0.773170783003761,0.8643487692194339,0.003985569265642459,2,31.235294117647058
TLT,hist_gradient_boosting,0.99,validation_student_t_residual_df5,test,1099,10.990000000000009,4,0.003639672429481347,5.939280645688825,0.014807060906407044,0.029250522203483342,0.8642018746040457,0.8329014261226447,0.0025634947069243085,1,493.0
USO,random_forest,0.95,validation_student_t_residual_df5,test,1099,54.950000000000045,33,0.03002729754322111,10.703810241833082,0.0010691511868240466,0.8542910193714874,0.3553412566365691,0.9487032008441547,0.013592055830059456,2,47.28125
USO,random_forest,0.99,validation_student_t_residual_df5,test,1099,10.990000000000009,6,0.00545950864422202,2.740135413101356,0.09785647419034993,0.0659343976798823,0.7973509714076433,0.908175102547606,0.012491326825392888,1,240.4
USO,hist_gradient_boosting,0.95,validation_student_t_residual_df5,test,1099,54.950000000000045,36,0.03275705186533212,7.792747708481215,0.005245635964400197,2.1543918645437543,0.14216272038356237,0.927635069297149,0.01288028186917292,2,43.22857142857143
USO,hist_gradient_boosting,0.99,validation_student_t_residual_df5,test,1099,10.990000000000009,6,0.00545950864422202,2.740135413101356,0.09785647419034993,0.0659343976798823,0.7973509714076433,0.8953142768718005,0.011601657281572178,1,240.4
AAPL,simple_average_ensemble,0.95,validation_student_t_residual_df5,test,1099,54.950000000000045,48,0.04367606915377616,0.9647859151633043,0.32598400826358576,3.262747692482378,0.07087028175037013,1.007364712825294,0.011078594048325988,2,29.78723404255319
AAPL,simple_average_ensemble,0.99,validation_student_t_residual_df5,test,1099,10.990000000000009,13,0.011828935395814377,0.3507688970446168,0.5536781985186567,7.126996720151141,0.007593180633922558,0.9498508300249577,0.009810135373677661,2,104.0
GLD,simple_average_ensemble,0.95,validation_student_t_residual_df5,test,1099,54.950000000000045,48,0.04367606915377616,0.9647859151633043,0.32598400826358576,3.4016197055389625,0.06513243402962843,1.0172392428440784,0.007342733055543271,2,32.829787234042556
GLD,simple_average_ensemble,0.99,validation_student_t_residual_df5,test,1099,10.990000000000009,6,0.00545950864422202,2.740135413101356,0.09785647419034993,0.0659343976798823,0.7973509714076433,1.1947338420359188,0.0185566143610845,1,265.4
IWM,simple_average_ensemble,0.95,validation_student_t_residual_df5,test,1099,54.950000000000045,50,0.04549590536851683,0.48336415956634937,0.48690242927729155,1.1906116569925302,0.27520621254741096,0.9092451688030402,0.006862713044146045,3,32.46938775510204
IWM,simple_average_ensemble,0.99,validation_student_t_residual_df5,test,1099,10.990000000000009,5,0.004549590536851683,4.137438816978587,0.041944586478244505,0.04574581370487607,0.8306385235480794,1.0329748030840324,0.01118360534744741,1,151.25
JPM,simple_average_ensemble,0.95,validation_student_t_residual_df5,test,1099,54.950000000000045,58,0.052775250227479524,0.1751609477332181,0.6755652575979891,0.0014879266267939784,0.969230309330434,1.0374358958108671,0.011375778586148317,2,27.614035087719298
JPM,simple_average_ensemble,0.99,validation_student_t_residual_df5,test,1099,10.990000000000009,16,0.014558689717925387,2.0223997469619235,0.15499402479012347,1.454823874282198,0.22775549553715468,1.013530707033839,0.012115050842245926,2,102.2
MSFT,simple_average_ensemble,0.95,validation_student_t_residual_df5,test,1099,54.950000000000045,59,0.05368516833484986,0.30715484886144395,0.5794313541935328,0.548009691118466,0.45913207550692425,0.9891111469938322,0.010253983038852242,2,27.17241379310345
MSFT,simple_average_ensemble,0.99,validation_student_t_residual_df5,test,1099,10.990000000000009,11,0.010009099181073703,9.188333663701087e-06,0.9975814349357897,0.22263489469104059,0.637039553276101,1.0431927360903839,0.013607686616834811,1,123.4
NVDA,simple_average_ensemble,0.95,validation_student_t_residual_df5,test,1099,54.950000000000045,50,0.04549590536851683,0.48336415956634937,0.48690242927729155,0.038404178669395606,0.8446337714925602,0.9092601072830379,0.014736854589626041,2,31.714285714285715
NVDA,simple_average_ensemble,0.99,validation_student_t_residual_df5,test,1099,10.990000000000009,3,0.00272975432211101,8.248292037102864,0.004079036322261476,0.016438376723129977,0.8979810193360448,1.157317630590704,0.0418697586139141,1,442.5
QQQ,simple_average_ensemble,0.95,validation_student_t_residual_df5,test,1099,54.950000000000045,61,0.055505004549590536,0.6780484669573639,0.41025953852249464,0.05183172371926048,0.8199060495442108,0.9234916605601937,0.006830577467807007,2,25.683333333333334
QQQ,simple_average_ensemble,0.99,validation_student_t_residual_df5,test,1099,10.990000000000009,10,0.009099181073703366,0.09288703739709092,0.7605384770378237,3.1471600420214116,0.07605923233228284,0.9274261373126627,0.006911347250409613,2,124.77777777777777
SPY,simple_average_ensemble,0.95,validation_student_t_residual_df5,test,1099,54.950000000000045,57,0.051865332120109194,0.0795727437317737,0.7778772521231532,1.324203824563483,0.2498389869432971,0.9567177551457307,0.005879773522052775,2,28.410714285714285
SPY,simple_average_ensemble,0.99,validation_student_t_residual_df5,test,1099,10.990000000000009,10,0.009099181073703366,0.09288703739709092,0.7605384770378237,3.1471600420214116,0.07605923233228284,1.0299873159674537,0.008546663589004633,2,138.11111111111111
TLT,simple_average_ensemble,0.95,validation_student_t_residual_df5,test,1099,54.950000000000045,66,0.06005459508644222,2.2038656833078676,0.1376651239614166,0.32087109103298417,0.5710846208584488,0.9034685540631915,0.004412779700504577,2,24.50769230769231
TLT,simple_average_ensemble,0.99,validation_student_t_residual_df5,test,1099,10.990000000000009,8,0.007279344858962694,0.9075017836278789,0.34077813907032306,0.10270599438531747,0.7486061873207794,0.8629356644931594,0.003175966925542369,1,219.57142857142858
USO,simple_average_ensemble,0.95,validation_student_t_residual_df5,test,1099,54.950000000000045,42,0.03821656050955414,3.4846256001426354,0.06194137136995037,1.0594012235102355,0.30335179170286186,0.9605509900308381,0.013582315015724388,2,36.90243902439025
USO,simple_average_ensemble,0.99,validation_student_t_residual_df5,test,1099,10.990000000000009,7,0.006369426751592357,1.679555785288244,0.19498348865188797,4.58431814176771,0.03226580652645428,0.9431213601293692,0.014374851767453461,2,200.33333333333334
AAPL,validation_weighted_ensemble,0.95,validation_student_t_residual_df5,test,1099,54.950000000000045,47,0.042766151046405826,1.2704313853337794,0.25968576791067177,3.542475845905301,0.059816112917862596,1.0239006976794363,0.011541520235568588,2,30.434782608695652
AAPL,validation_weighted_ensemble,0.99,validation_student_t_residual_df5,test,1099,10.990000000000009,13,0.011828935395814377,0.3507688970446168,0.5536781985186567,2.1651760222820826,0.14116845717164217,0.9812091630432735,0.010184522301402313,2,104.0
GLD,validation_weighted_ensemble,0.95,validation_student_t_residual_df5,test,1099,54.950000000000045,51,0.04640582347588717,0.30592448808425843,0.5801919172545631,4.62457877693447,0.03151699907651362,1.001492815241783,0.006816929608022403,2,30.86
GLD,validation_weighted_ensemble,0.99,validation_student_t_residual_df5,test,1099,10.990000000000009,6,0.00545950864422202,2.740135413101356,0.09785647419034993,0.0659343976798823,0.7973509714076433,1.1645711280509699,0.01772917702628386,1,265.4
IWM,validation_weighted_ensemble,0.95,validation_student_t_residual_df5,test,1099,54.950000000000045,52,0.047315741583257506,0.16961141335877983,0.6804573880216553,0.904531990139958,0.34156941759073745,0.9086756871361354,0.00677921646219714,3,31.19607843137255
IWM,validation_weighted_ensemble,0.99,validation_student_t_residual_df5,test,1099,10.990000000000009,5,0.004549590536851683,4.137438816978587,0.041944586478244505,0.04574581370487607,0.8306385235480794,1.0413006345743547,0.01142737666800492,1,151.25
JPM,validation_weighted_ensemble,0.95,validation_student_t_residual_df5,test,1099,54.950000000000045,57,0.051865332120109194,0.0795727437317737,0.7778772521231532,0.0006289171456614895,0.9799925722064482,1.057770257174485,0.011772867825228062,2,28.107142857142858
JPM,validation_weighted_ensemble,0.99,validation_student_t_residual_df5,test,1099,10.990000000000009,16,0.014558689717925387,2.0223997469619235,0.15499402479012347,1.454823874282198,0.22775549553715468,1.0178292570648495,0.012265055049684954,2,102.2
MSFT,validation_weighted_ensemble,0.95,validation_student_t_residual_df5,test,1099,54.950000000000045,60,0.0545950864422202,0.4749717554956874,0.4907087762921991,0.6390821732620111,0.42404335103754764,0.9852571275033946,0.010160505712047775,2,26.71186440677966
MSFT,validation_weighted_ensemble,0.99,validation_student_t_residual_df5,test,1099,10.990000000000009,10,0.009099181073703366,0.09288703739709092,0.7605384770378237,0.18382611764481283,0.6681055469475126,1.0621442614324619,0.0148933546561326,1,137.11111111111111
NVDA,validation_weighted_ensemble,0.95,validation_student_t_residual_df5,test,1099,54.950000000000045,50,0.04549590536851683,0.48336415956634937,0.48690242927729155,0.038404178669395606,0.8446337714925602,0.9092601072830379,0.014736854589626043,2,31.714285714285715
NVDA,validation_weighted_ensemble,0.99,validation_student_t_residual_df5,test,1099,10.990000000000009,3,0.00272975432211101,8.248292037102864,0.004079036322261476,0.016438376723129977,0.8979810193360448,1.157317630590704,0.041869758613914114,1,442.5
QQQ,validation_weighted_ensemble,0.95,validation_student_t_residual_df5,test,1099,54.950000000000045,63,0.05732484076433121,1.1878202668365816,0.275769675605269,0.5407490808071316,0.4621224488004839,0.9213164134583051,0.006745358115123237,2,24.870967741935484
QQQ,validation_weighted_ensemble,0.99,validation_student_t_residual_df5,test,1099,10.990000000000009,12,0.01091901728844404,0.09103902648794815,0.7628603810892526,2.4562929402463,0.1170547484933736,0.8979895630748576,0.005826915532321161,2,113.0
SPY,validation_weighted_ensemble,0.95,validation_student_t_residual_df5,test,1099,54.950000000000045,58,0.052775250227479524,0.1751609477332181,0.6755652575979891,0.2937205576989186,0.5878461151156111,0.9615905969368099,0.005896066026329481,2,27.05263157894737
SPY,validation_weighted_ensemble,0.99,validation_student_t_residual_df5,test,1099,10.990000000000009,10,0.009099181073703366,0.09288703739709092,0.7605384770378237,3.1471600420214116,0.07605923233228284,1.021464068883555,0.008350131510761099,2,138.11111111111111
TLT,validation_weighted_ensemble,0.95,validation_student_t_residual_df5,test,1099,54.950000000000045,67,0.060964513193812554,2.607652121041326,0.10634911135453629,0.24943145013503454,0.6174756956595937,0.9062556222939329,0.0043276848706047645,2,24.136363636363637
TLT,validation_weighted_ensemble,0.99,validation_student_t_residual_df5,test,1099,10.990000000000009,9,0.00818926296633303,0.3879361078638084,0.533386270878409,0.13217206597870756,0.7161905119251628,0.857180749620044,0.002884518527609308,1,199.125
USO,validation_weighted_ensemble,0.95,validation_student_t_residual_df5,test,1099,54.950000000000045,42,0.03821656050955414,3.4846256001426354,0.06194137136995037,1.0594012235102355,0.30335179170286186,0.9605509900308382,0.013582315015724386,2,36.90243902439025
USO,validation_weighted_ensemble,0.99,validation_student_t_residual_df5,test,1099,10.990000000000009,7,0.006369426751592357,1.679555785288244,0.19498348865188797,4.58431814176771,0.03226580652645428,0.943121360129369,0.014374851767453461,2,200.33333333333334
